frame,time_seconds,track_id,x,y,w,h,center_x,center_y,area,bed_edge_y,processing_time_s
0,0.0,1,0,430,258,110,129.0,485.0,19021.5,396.0,0.040889
0,0.0,2,451,373,500,167,701.0,456.5,54467.0,396.0,0.040889
0,0.0,3,484,368,13,20,490.5,378.0,207.0,396.0,0.040889
0,0.0,4,674,359,31,4,689.5,361.0,82.5,396.0,0.040889
0,0.0,5,0,341,209,60,104.5,371.0,10956.5,396.0,0.040889
0,0.0,6,250,339,146,55,323.0,366.5,5580.5,396.0,0.040889
0,0.0,7,152,319,48,12,176.0,325.0,346.5,396.0,0.040889
0,0.0,8,681,303,279,83,820.5,344.5,13330.5,396.0,0.040889
0,0.0,9,909,302,16,18,917.0,311.0,185.0,396.0,0.040889
0,0.0,10,19,245,315,15,176.5,252.5,2101.0,396.0,0.040889
0,0.0,11,541,242,30,6,556.0,245.0,91.0,396.0,0.040889
0,0.0,12,874,236,59,58,903.5,265.0,2454.5,396.0,0.040889
0,0.0,13,340,230,10,13,345.0,236.5,50.0,396.0,0.040889
0,0.0,14,234,223,93,13,280.5,229.5,514.5,396.0,0.040889
0,0.0,15,885,212,17,14,893.5,219.0,90.5,396.0,0.040889
0,0.0,16,0,188,231,49,115.5,212.5,2043.0,396.0,0.040889
0,0.0,17,637,160,10,26,642.0,173.0,173.5,396.0,0.040889
0,0.0,18,61,141,121,40,121.5,161.0,4492.5,396.0,0.040889
0,0.0,19,293,139,39,37,312.5,157.5,1310.0,396.0,0.040889
0,0.0,20,412,134,119,42,471.5,155.0,3839.0,396.0,0.040889
0,0.0,21,44,99,144,37,116.0,117.5,3491.5,396.0,0.040889
0,0.0,22,0,30,121,107,60.5,83.5,6296.0,396.0,0.040889
0,0.0,23,485,0,475,313,722.5,156.5,53581.5,396.0,0.040889
0,0.0,24,710,0,93,64,756.5,32.0,2995.5,396.0,0.040889
0,0.0,25,691,0,15,77,698.5,38.5,950.0,396.0,0.040889
0,0.0,26,236,0,392,183,432.0,91.5,41007.0,396.0,0.040889
0,0.0,27,210,0,19,84,219.5,42.0,1145.0,396.0,0.040889
0,0.0,28,99,0,110,71,154.0,35.5,3876.5,396.0,0.040889
1,0.005,1,27,432,147,59,106.198,466.198,2745.5,396.0,0.021997
1,0.005,2,451,374,500,166,701.0,456.9,52837.0,396.0,0.021997
1,0.005,3,485,369,11,18,490.5,378.0,139.5,396.0,0.021997
1,0.005,4,674,359,31,4,689.5,361.0,82.5,396.0,0.021997
1,0.005,5,0,342,208,57,104.1,370.6,10552.0,396.0,0.021997
1,0.005,6,284,340,44,50,309.399,365.3,1107.0,396.0,0.021997
1,0.005,7,152,319,48,12,176.0,325.0,346.5,396.0,0.021997
1,0.005,8,682,305,278,80,820.9,344.9,12448.5,396.0,0.021997
1,0.005,9,909,302,15,17,916.6,310.6,163.0,396.0,0.021997
1,0.005,10,19,245,315,15,176.5,252.5,2101.0,396.0,0.021997
1,0.005,11,543,218,37,6,560.4,225.798,122.0,396.0,0.021997
1,0.005,12,874,238,59,54,903.5,265.0,2294.0,396.0,0.021997
1,0.005,13,340,230,10,13,345.0,236.5,50.0,396.0,0.021997
1,0.005,14,246,224,47,9,271.699,228.7,254.0,396.0,0.021997
1,0.005,15,884,212,18,13,893.1,218.6,102.0,396.0,0.021997
1,0.005,16,0,188,230,46,115.1,211.3,1602.0,396.0,0.021997
1,0.005,17,638,160,8,25,642.0,172.6,112.0,396.0,0.021997
1,0.005,18,61,142,121,39,121.5,161.4,4404.5,396.0,0.021997
1,0.005,19,294,139,38,37,312.9,157.5,1278.0,396.0,0.021997
1,0.005,20,412,134,118,41,471.1,154.6,3775.0,396.0,0.021997
1,0.005,21,44,99,144,37,116.0,117.5,3439.5,396.0,0.021997
1,0.005,22,0,30,122,107,60.9,83.5,6278.0,396.0,0.021997
1,0.005,23,592,0,368,286,765.304,145.699,49725.0,396.0,0.021997
1,0.005,24,710,0,93,64,756.5,32.0,3050.5,396.0,0.021997
1,0.005,25,691,0,16,77,698.9,38.5,1045.0,396.0,0.021997
1,0.005,26,236,0,393,183,432.4,91.5,41320.5,396.0,0.021997
1,0.005,27,210,0,20,84,219.9,42.0,1171.0,396.0,0.021997
1,0.005,28,98,0,111,71,153.6,35.5,3906.0,396.0,0.021997
1,0.005,29,73,522,142,18,144.0,531.0,1809.0,396.0,0.021997
1,0.005,30,0,448,16,24,8.0,460.0,191.5,396.0,0.021997
1,0.005,31,261,376,12,12,267.0,382.0,66.5,396.0,0.021997
1,0.005,32,252,354,14,31,259.0,369.5,116.5,396.0,0.021997
1,0.005,33,251,341,19,10,260.5,346.0,102.5,396.0,0.021997
1,0.005,34,742,293,55,8,769.5,297.0,288.5,396.0,0.021997
1,0.005,35,84,250,58,8,113.0,254.0,336.0,396.0,0.021997
1,0.005,36,692,245,16,6,700.0,248.0,53.0,396.0,0.021997
1,0.005,37,185,245,147,12,258.5,251.0,855.0,396.0,0.021997
1,0.005,38,743,72,26,15,756.0,79.5,58.5,396.0,0.021997
1,0.005,39,770,53,33,19,786.5,62.5,106.0,396.0,0.021997
1,0.005,40,808,21,57,31,836.5,36.5,204.5,396.0,0.021997
1,0.005,41,877,0,28,15,891.0,7.5,95.5,396.0,0.021997
1,0.005,42,674,0,7,33,677.5,16.5,111.5,396.0,0.021997
2,0.01,1,0,430,259,110,120.379,477.587,19052.0,396.0,0.017817
2,0.01,2,451,373,500,167,701.0,456.658,54689.5,396.0,0.017817
2,0.01,3,484,368,13,20,490.5,378.0,214.0,396.0,0.017817
2,0.01,4,672,359,32,5,688.136,361.455,79.5,396.0,0.017817
2,0.01,5,0,341,209,60,104.342,370.842,10931.0,396.0,0.017817
2,0.01,6,250,339,146,55,317.638,366.027,5604.0,396.0,0.017817
2,0.01,7,152,319,47,13,175.545,325.455,385.5,396.0,0.017817
2,0.01,8,682,305,278,80,821.1,345.1,12448.5,396.0,0.017817
2,0.01,9,908,302,17,18,916.474,310.842,188.5,396.0,0.017817
2,0.01,10,15,245,318,15,174.227,252.5,1974.0,396.0,0.017817
2,0.01,11,529,242,47,6,555.155,237.43,144.0,396.0,0.017817
2,0.01,12,873,237,60,56,903.131,265.0,2473.5,396.0,0.017817
2,0.01,13,341,229,9,23,345.455,240.137,77.0,396.0,0.017817
2,0.01,14,234,223,71,11,268.922,228.447,469.0,396.0,0.017817
2,0.01,15,884,212,18,13,892.9,218.4,102.0,396.0,0.017817
2,0.01,16,0,188,233,50,116.079,212.395,2106.5,396.0,0.017817
2,0.01,17,637,161,11,26,642.369,173.579,180.0,396.0,0.017817
2,0.01,18,61,141,121,40,121.5,161.158,4517.0,396.0,0.017817
2,0.01,19,293,139,39,37,312.658,157.5,1306.5,396.0,0.017817
2,0.01,20,412,134,118,41,470.974,154.474,3835.0,396.0,0.017817
2,0.01,21,44,99,145,37,116.369,117.5,3494.0,396.0,0.017817
2,0.01,22,0,30,122,107,61.026,83.5,6289.0,396.0,0.017817
2,0.01,23,592,0,368,286,786.696,140.301,49725.0,396.0,0.017817
2,0.01,24,710,0,93,64,756.5,32.0,3010.5,396.0,0.017817
2,0.01,25,691,0,16,77,699.026,38.5,978.0,396.0,0.017817
2,0.01,26,236,0,392,183,432.158,91.5,41256.0,396.0,0.017817
2,0.01,27,211,0,18,84,220.026,42.0,1158.0,396.0,0.017817
2,0.01,28,99,0,110,71,153.842,35.5,3876.5,396.0,0.017817
2,0.01,29,73,522,142,18,144.0,531.0,1809.0,396.0,0.017817
2,0.01,30,0,448,16,24,8.0,460.0,191.5,396.0,0.017817
2,0.01,31,261,376,12,12,267.0,382.0,66.5,396.0,0.017817
2,0.01,32,252,354,14,31,259.0,369.5,116.5,396.0,0.017817
2,0.01,33,251,341,19,10,260.5,346.0,102.5,396.0,0.017817
2,0.01,34,742,293,55,8,769.5,297.0,288.5,396.0,0.017817
2,0.01,35,84,250,58,8,113.0,254.0,336.0,396.0,0.017817
2,0.01,36,673,289,25,6,688.399,283.204,90.0,396.0,0.017817
2,0.01,37,185,245,147,12,258.5,251.0,855.0,396.0,0.017817
2,0.01,38,743,72,26,15,756.0,79.5,58.5,396.0,0.017817
2,0.01,39,770,53,33,19,786.5,62.5,106.0,396.0,0.017817
2,0.01,40,808,21,57,31,836.5,36.5,204.5,396.0,0.017817
2,0.01,41,877,0,28,15,891.0,7.5,95.5,396.0,0.017817
2,0.01,42,674,0,7,33,677.5,16.5,111.5,396.0,0.017817
2,0.01,43,309,228,19,8,318.5,232.0,59.0,396.0,0.017817
2,0.01,44,483,0,477,386,721.5,193.0,68099.0,396.0,0.017817
3,0.015,1,100,432,55,22,126.245,454.915,391.5,256.0,0.014698
3,0.015,2,451,374,500,166,701.0,456.873,52551.0,256.0,0.014698
3,0.015,3,485,369,11,18,490.5,378.0,133.0,256.0,0.014698
3,0.015,4,682,338,46,16,699.538,350.906,541.0,256.0,0.014698
3,0.015,5,0,342,208,56,104.127,370.288,10494.5,256.0,0.014698
3,0.015,6,297,360,16,18,309.639,368.095,108.5,256.0,0.014698
3,0.015,7,152,319,47,13,175.364,325.636,385.5,256.0,0.014698
3,0.015,8,722,304,238,81,838.602,344.597,11839.5,256.0,0.014698
3,0.015,9,909,302,15,17,916.441,310.627,168.0,256.0,0.014698
3,0.015,10,85,250,58,7,132.612,253.186,290.0,256.0,0.014698
3,0.015,11,543,219,31,5,556.764,227.435,97.0,256.0,0.014698
3,0.015,12,874,238,58,54,902.975,265.0,2239.5,256.0,0.014698
3,0.015,13,341,229,9,23,345.636,241.591,77.0,256.0,0.014698
3,0.015,14,239,224,54,8,265.823,228.042,227.0,256.0,0.014698
3,0.015,15,884,212,18,13,892.7,218.2,102.0,256.0,0.014698
3,0.015,16,23,192,207,42,123.303,212.924,1461.0,256.0,0.014698
3,0.015,17,638,162,8,23,642.186,173.678,104.0,256.0,0.014698
3,0.015,18,62,142,120,39,121.839,161.373,4399.5,256.0,0.014698
3,0.015,19,294,139,38,37,312.873,157.5,1267.5,256.0,0.014698
3,0.015,20,412,134,118,41,470.941,154.441,3777.0,256.0,0.014698
3,0.015,21,44,99,144,37,116.186,117.5,3432.5,256.0,0.014698
3,0.015,22,0,30,121,107,60.72,83.5,6252.0,256.0,0.014698
3,0.015,23,600,0,360,287,783.419,142.453,49826.5,256.0,0.014698
3,0.015,24,710,0,93,64,756.5,32.0,3056.5,256.0,0.014698
3,0.015,25,691,0,16,77,699.059,38.5,1051.0,256.0,0.014698
3,0.015,26,236,0,393,183,432.373,91.5,41193.5,256.0,0.014698
3,0.015,27,210,0,19,84,219.72,42.0,1164.5,256.0,0.014698
3,0.015,28,98,0,111,70,153.627,35.161,3880.5,256.0,0.014698
3,0.015,29,72,523,133,17,139.0,531.455,1605.5,256.0,0.014698
3,0.015,30,0,448,16,24,8.0,460.0,191.5,256.0,0.014698
3,0.015,31,281,341,21,15,289.274,351.544,83.5,256.0,0.014698
3,0.015,32,252,354,14,31,259.0,369.5,116.5,256.0,0.014698
3,0.015,33,251,341,19,10,260.5,346.0,102.5,256.0,0.014698
3,0.015,34,743,292,55,9,770.409,296.545,271.5,256.0,0.014698
3,0.015,35,84,250,58,8,113.0,254.0,336.0,256.0,0.014698
3,0.015,36,707,326,14,8,705.746,322.323,54.0,256.0,0.014698
3,0.015,37,189,245,143,11,260.318,250.545,813.0,256.0,0.014698
3,0.015,38,772,45,46,26,791.456,59.953,150.0,256.0,0.014698
3,0.015,39,770,53,33,19,786.5,62.5,106.0,256.0,0.014698
3,0.015,40,853,19,13,9,857.41,24.681,54.0,256.0,0.014698
3,0.015,41,877,0,28,15,891.0,7.5,95.5,256.0,0.014698
3,0.015,42,675,0,6,18,677.955,9.681,58.5,256.0,0.014698
3,0.015,43,309,228,19,8,318.5,232.0,59.0,256.0,0.014698
3,0.015,44,483,0,477,386,721.5,193.0,68099.0,256.0,0.014698
3,0.015,45,38,439,96,52,86.0,465.0,640.5,256.0,0.014698
3,0.015,46,55,433,40,15,75.0,440.5,260.0,256.0,0.014698
4,0.02,1,0,430,258,110,129.654,469.628,19009.5,256.0,0.017718
4,0.02,2,451,373,501,167,701.303,456.674,54503.0,256.0,0.017718
4,0.02,3,484,368,14,20,490.803,378.0,212.5,256.0,0.017718
4,0.02,4,672,359,32,4,694.264,355.358,79.0,256.0,0.017718
4,0.02,5,0,341,208,60,104.023,370.632,10972.5,256.0,0.017718
4,0.02,6,250,339,145,55,316.389,367.532,5596.5,256.0,0.017718
4,0.02,7,150,319,49,13,174.623,325.557,341.0,256.0,0.017718
4,0.02,8,682,304,278,82,829.727,344.831,13261.0,256.0,0.017718
4,0.02,9,909,302,16,18,916.739,310.826,186.0,256.0,0.017718
4,0.02,10,0,187,232,50,115.499,228.261,2003.5,256.0,0.017718
4,0.02,11,536,242,41,5,556.445,236.534,128.0,256.0,0.017718
4,0.02,12,874,237,59,57,903.219,265.303,2424.5,256.0,0.017718
4,0.02,13,341,229,9,23,345.818,243.046,77.0,256.0,0.017718
4,0.02,14,233,223,80,11,268.862,228.179,488.0,256.0,0.017718
4,0.02,15,884,212,18,13,892.5,218.0,102.0,256.0,0.017718
4,0.02,16,61,141,121,40,123.599,181.675,4476.5,256.0,0.017718
4,0.02,17,637,161,9,26,641.784,173.993,167.0,256.0,0.017718
4,0.02,18,44,99,144,37,118.366,134.849,3500.5,256.0,0.017718
4,0.02,19,293,139,39,37,312.674,157.5,1309.5,256.0,0.017718
4,0.02,20,412,134,119,42,471.239,154.739,3843.0,256.0,0.017718
4,0.02,21,44,99,144,37,116.22,117.5,3432.5,256.0,0.017718
4,0.02,22,0,30,122,107,60.869,83.5,6294.5,256.0,0.017718
4,0.02,23,600,0,360,287,795.215,139.993,49826.5,256.0,0.017718
4,0.02,24,710,0,92,64,756.197,32.0,2986.5,256.0,0.017718
4,0.02,25,691,0,16,77,699.063,38.5,960.5,256.0,0.017718
4,0.02,26,236,0,392,183,432.174,91.5,41086.5,256.0,0.017718
4,0.02,27,211,0,18,84,219.869,42.0,1150.5,256.0,0.017718
4,0.02,28,99,0,110,71,153.826,35.306,3870.5,256.0,0.017718
4,0.02,29,72,523,133,17,137.0,531.636,1605.5,256.0,0.017718
4,0.02,30,0,448,16,24,8.0,460.0,191.5,256.0,0.017718
4,0.02,31,281,341,21,15,298.183,339.363,83.5,256.0,0.017718
4,0.02,32,252,354,14,31,259.0,369.5,116.5,256.0,0.017718
4,0.02,33,251,341,19,10,260.5,346.0,102.5,256.0,0.017718
4,0.02,34,743,292,55,9,770.773,296.364,271.5,256.0,0.017718
4,0.02,35,84,250,58,8,113.0,254.0,336.0,256.0,0.017718
4,0.02,36,707,326,14,8,713.173,352.216,54.0,256.0,0.017718
4,0.02,37,189,245,143,11,261.046,250.364,813.0,256.0,0.017718
4,0.02,38,772,45,46,26,805.638,52.136,150.0,256.0,0.017718
4,0.02,39,770,53,33,19,786.5,62.5,106.0,256.0,0.017718
4,0.02,40,853,19,13,9,865.773,19.954,54.0,256.0,0.017718
4,0.02,41,877,0,28,15,891.0,7.5,95.5,256.0,0.017718
4,0.02,42,675,0,6,18,678.136,6.954,58.5,256.0,0.017718
4,0.02,43,309,228,19,8,318.5,232.0,59.0,256.0,0.017718
4,0.02,44,484,0,476,313,721.955,159.816,53866.0,256.0,0.017718
4,0.02,45,38,439,96,52,86.0,465.0,640.5,256.0,0.017718
4,0.02,46,55,433,40,15,75.0,440.5,260.0,256.0,0.017718
4,0.02,47,673,289,19,5,682.5,291.5,50.5,256.0,0.017718
4,0.02,48,504,244,25,4,516.5,246.0,64.0,256.0,0.017718
4,0.02,49,23,239,312,20,179.0,249.0,1785.0,256.0,0.017718
5,0.025,1,46,432,116,58,117.729,464.782,2801.0,255.0,0.016271
5,0.025,2,451,374,500,166,701.19,456.837,52623.5,255.0,0.016271
5,0.025,3,485,369,11,18,490.69,378.0,150.0,255.0,0.016271
5,0.025,4,672,359,32,4,695.095,354.313,79.0,255.0,0.016271
5,0.025,5,0,342,208,56,103.973,370.283,10612.0,255.0,0.016271
5,0.025,6,287,340,39,50,311.405,366.38,873.5,255.0,0.016271
5,0.025,7,150,319,49,13,174.261,325.655,341.0,255.0,0.016271
5,0.025,8,683,304,277,81,826.07,344.663,12421.0,255.0,0.016271
5,0.025,9,909,302,15,17,916.629,310.663,160.0,255.0,0.016271
5,0.025,10,0,192,230,42,107.306,215.781,1581.5,255.0,0.016271
5,0.025,11,543,218,33,6,557.915,228.754,100.0,255.0,0.016271
5,0.025,12,874,237,59,55,903.355,264.921,2313.0,255.0,0.016271
5,0.025,13,341,229,9,23,346.0,244.5,77.0,255.0,0.016271
5,0.025,14,247,224,45,9,268.724,228.268,248.0,255.0,0.016271
5,0.025,15,884,212,18,13,892.3,217.8,102.0,255.0,0.016271
5,0.025,16,61,141,121,40,123.564,165.536,4401.0,255.0,0.016271
5,0.025,17,639,174,7,11,642.113,177.098,50.5,255.0,0.016271
5,0.025,18,44,99,144,37,116.566,121.167,3449.5,255.0,0.016271
5,0.025,19,294,139,38,37,312.837,157.5,1266.0,255.0,0.016271
5,0.025,20,412,134,118,41,471.129,154.629,3787.5,255.0,0.016271
5,0.025,21,44,99,144,37,116.253,117.5,3432.5,255.0,0.016271
5,0.025,22,0,30,121,107,60.68,83.5,6274.0,255.0,0.016271
5,0.025,23,600,0,360,287,786.369,142.093,49851.5,255.0,0.016271
5,0.025,24,710,0,93,64,756.31,32.0,3048.5,255.0,0.016271
5,0.025,25,691,0,16,77,699.06,38.5,1039.0,255.0,0.016271
5,0.025,26,236,0,392,183,432.068,91.5,41311.5,255.0,0.016271
5,0.025,27,210,0,19,84,219.68,42.0,1163.0,255.0,0.016271
5,0.025,28,98,0,111,71,153.663,35.389,3904.0,255.0,0.016271
5,0.025,29,74,523,139,17,141.973,531.557,1629.0,255.0,0.016271
5,0.025,30,0,434,14,8,7.029,438.628,69.5,255.0,0.016271
5,0.025,31,250,341,22,10,269.283,342.618,132.0,255.0,0.016271
5,0.025,32,254,385,10,8,259.0,388.443,52.5,255.0,0.016271
5,0.025,33,251,341,19,10,260.5,346.0,102.5,255.0,0.016271
5,0.025,34,743,292,52,9,769.384,296.443,270.0,255.0,0.016271
5,0.025,35,85,250,54,7,112.029,253.514,277.5,255.0,0.016271
5,0.025,36,707,326,14,8,720.599,382.108,54.0,255.0,0.016271
5,0.025,37,184,245,148,11,258.678,250.443,844.5,255.0,0.016271
5,0.025,38,765,37,69,38,803.151,53.901,260.5,255.0,0.016271
5,0.025,39,770,53,33,19,786.5,62.5,106.0,255.0,0.016271
5,0.025,40,839,18,26,17,855.978,24.474,112.5,255.0,0.016271
5,0.025,41,877,0,28,15,891.0,7.5,95.5,255.0,0.016271
5,0.025,42,675,0,6,34,678.057,14.705,117.5,255.0,0.016271
5,0.025,43,309,228,19,8,318.5,232.0,59.0,255.0,0.016271
5,0.025,44,484,0,476,313,722.136,146.544,53866.0,255.0,0.016271
5,0.025,45,34,436,9,12,42.816,444.09,62.5,255.0,0.016271
5,0.025,46,55,433,40,15,75.0,440.5,260.0,255.0,0.016271
5,0.025,47,681,238,30,4,693.301,250.296,67.0,255.0,0.016271
5,0.025,48,504,244,25,4,516.5,246.0,64.0,255.0,0.016271
5,0.025,49,23,239,312,20,179.0,249.0,1785.0,255.0,0.016271
6,0.03,1,0,430,257,110,122.589,473.615,19057.5,255.0,0.018644
6,0.03,2,451,373,501,167,701.362,456.689,54709.0,255.0,0.018644
6,0.03,3,484,368,13,20,490.621,378.0,215.5,255.0,0.018644
6,0.03,4,668,359,37,5,689.48,358.897,89.0,255.0,0.018644
6,0.03,5,0,341,209,59,104.19,370.327,10947.5,255.0,0.018644
6,0.03,6,250,339,146,55,316.495,366.43,5575.0,255.0,0.018644
6,0.03,7,155,319,45,11,176.486,324.853,325.5,255.0,0.018644
6,0.03,8,679,304,281,82,823.039,344.811,13571.5,255.0,0.018644
6,0.03,9,908,302,17,18,916.566,310.811,191.0,255.0,0.018644
6,0.03,10,0,188,231,49,104.074,209.057,2085.0,255.0,0.018644
6,0.03,11,541,242,28,5,556.598,235.609,88.5,255.0,0.018644
6,0.03,12,874,237,59,57,903.433,265.181,2486.0,255.0,0.018644
6,0.03,13,346,229,4,23,347.867,240.9,56.0,255.0,0.018644
6,0.03,14,234,223,93,12,273.99,228.568,542.5,255.0,0.018644
6,0.03,15,884,212,18,13,892.1,217.6,102.0,255.0,0.018644
6,0.03,16,61,141,121,40,123.433,156.918,4511.5,255.0,0.018644
6,0.03,17,637,157,10,29,642.064,174.988,184.0,255.0,0.018644
6,0.03,18,44,99,144,37,115.602,113.871,3495.5,255.0,0.018644
6,0.03,19,293,139,39,37,312.689,157.5,1308.0,255.0,0.018644
6,0.03,20,412,134,118,41,471.066,154.566,3826.5,255.0,0.018644
6,0.03,21,44,99,144,37,116.287,117.5,3432.5,255.0,0.018644
6,0.03,22,0,30,121,107,60.572,83.5,6305.5,255.0,0.018644
6,0.03,23,600,0,360,287,792.823,140.812,49851.5,255.0,0.018644
6,0.03,24,710,0,93,64,756.379,32.0,2988.5,255.0,0.018644
6,0.03,25,691,0,16,77,699.055,38.5,963.5,255.0,0.018644
6,0.03,26,236,0,392,183,432.009,91.5,41131.5,255.0,0.018644
6,0.03,27,211,0,18,84,219.813,42.0,1147.0,255.0,0.018644
6,0.03,28,99,0,110,71,153.811,35.438,3877.5,255.0,0.018644
6,0.03,29,74,523,139,17,142.208,531.655,1629.0,255.0,0.018644
6,0.03,30,0,434,14,8,6.8,433.597,69.5,255.0,0.018644
6,0.03,31,250,341,22,10,266.072,335.385,132.0,255.0,0.018644
6,0.03,32,254,385,10,8,259.0,392.903,52.5,255.0,0.018644
6,0.03,33,251,341,19,10,260.5,346.0,102.5,255.0,0.018644
6,0.03,34,743,292,52,9,769.186,296.345,270.0,255.0,0.018644
6,0.03,35,45,249,103,9,102.37,253.462,503.0,255.0,0.018644
6,0.03,36,707,326,14,8,728.026,412.001,54.0,255.0,0.018644
6,0.03,37,158,245,175,11,250.632,250.438,1074.5,255.0,0.018644
6,0.03,38,765,37,69,38,811.99,49.155,260.5,255.0,0.018644
6,0.03,39,770,53,33,19,786.5,62.5,106.0,255.0,0.018644
6,0.03,40,839,18,26,17,858.521,22.711,112.5,255.0,0.018644
6,0.03,41,877,0,28,15,891.0,7.5,95.5,255.0,0.018644
6,0.03,42,675,0,6,34,678.155,15.336,117.5,255.0,0.018644
6,0.03,43,309,228,19,8,318.5,232.0,59.0,255.0,0.018644
6,0.03,44,481,0,479,314,720.827,152.736,55290.0,255.0,0.018644
6,0.03,45,34,436,9,12,25.544,435.727,62.5,255.0,0.018644
6,0.03,46,55,433,40,15,75.0,440.5,260.0,255.0,0.018644
6,0.03,47,681,238,30,4,698.699,229.704,67.0,255.0,0.018644
6,0.03,48,486,243,22,6,498.772,246.0,69.0,255.0,0.018644
6,0.03,49,23,239,312,20,179.0,249.0,1785.0,255.0,0.018644
6,0.03,50,673,289,21,6,683.5,292.0,68.0,255.0,0.018644
7,0.035,1,46,432,118,58,115.351,468.63,1924.0,255.0,0.015806
7,0.035,2,451,393,501,147,701.464,460.95,51902.0,255.0,0.015806
7,0.035,3,485,369,11,18,490.577,378.0,134.5,255.0,0.015806
7,0.035,4,668,374,45,19,689.63,371.99,508.5,255.0,0.015806
7,0.035,5,0,342,208,57,104.107,370.36,10485.0,255.0,0.015806
7,0.035,6,305,370,7,13,313.328,370.812,52.0,255.0,0.015806
7,0.035,7,155,319,45,11,176.734,324.739,325.5,255.0,0.015806
7,0.035,8,684,305,276,80,822.271,344.902,12349.5,255.0,0.015806
7,0.035,9,909,302,15,17,916.527,310.684,166.5,255.0,0.015806
7,0.035,10,15,188,215,45,106.159,204.682,1527.0,255.0,0.015806
7,0.035,11,544,218,29,6,557.311,229.621,79.0,255.0,0.015806
7,0.035,12,874,238,59,54,903.48,265.124,2288.0,255.0,0.015806
7,0.035,13,346,229,4,23,348.391,241.326,56.0,255.0,0.015806
7,0.035,14,240,224,53,8,271.14,228.32,244.0,255.0,0.015806
7,0.035,15,886,211,16,15,893.958,218.478,112.5,255.0,0.015806
7,0.035,16,62,142,119,39,123.279,152.438,4367.5,255.0,0.015806
7,0.035,17,637,157,10,29,642.059,175.31,184.0,255.0,0.015806
7,0.035,18,44,99,144,37,115.074,109.9,3435.5,255.0,0.015806
7,0.035,19,294,139,38,37,312.816,157.5,1252.5,255.0,0.015806
7,0.035,20,412,134,118,41,471.027,154.527,3780.5,255.0,0.015806
7,0.035,21,44,99,144,37,116.321,117.5,3432.5,255.0,0.015806
7,0.035,22,0,30,121,107,60.508,83.5,6260.5,255.0,0.015806
7,0.035,23,611,0,349,287,790.245,142.133,49765.5,255.0,0.015806
7,0.035,24,710,0,93,64,756.423,32.0,3054.5,255.0,0.015806
7,0.035,25,691,0,16,77,699.05,38.5,1046.0,255.0,0.015806
7,0.035,26,236,0,393,165,432.193,87.583,41162.5,255.0,0.015806
7,0.035,27,210,0,19,84,219.678,42.0,1161.0,255.0,0.015806
7,0.035,28,98,0,111,71,153.684,35.468,3883.0,255.0,0.015806
7,0.035,29,74,524,131,16,140.329,531.931,1595.5,255.0,0.015806
7,0.035,30,0,434,14,8,6.571,428.566,69.5,255.0,0.015806
7,0.035,31,251,341,13,11,259.01,341.332,73.0,255.0,0.015806
7,0.035,32,264,362,17,15,268.745,377.249,136.0,255.0,0.015806
7,0.035,33,292,367,9,16,296.021,374.614,96.0,255.0,0.015806
7,0.035,34,751,293,42,7,771.152,296.429,208.5,255.0,0.015806
7,0.035,35,86,250,53,7,106.27,253.433,239.5,255.0,0.015806
7,0.035,36,707,326,14,8,735.452,441.893,54.0,255.0,0.015806
7,0.035,37,194,245,138,10,255.735,250.179,751.5,255.0,0.015806
7,0.035,38,791,40,36,22,812.332,49.143,135.5,255.0,0.015806
7,0.035,40,858,0,48,25,876.103,14.88,183.0,255.0,0.015806
7,0.035,42,674,0,7,42,677.712,19.582,130.5,255.0,0.015806
7,0.035,43,309,228,19,8,318.5,232.0,59.0,255.0,0.015806
7,0.035,44,481,0,479,314,720.53,145.703,55290.0,255.0,0.015806
7,0.035,45,34,436,9,12,8.272,427.363,62.5,255.0,0.015806
7,0.035,46,55,433,40,15,75.0,440.5,260.0,255.0,0.015806
7,0.035,47,681,238,30,4,704.097,209.112,67.0,255.0,0.015806
7,0.035,48,486,243,22,6,491.681,246.0,69.0,255.0,0.015806
7,0.035,49,23,239,312,20,179.0,249.0,1785.0,255.0,0.015806
7,0.035,50,673,289,21,6,683.5,292.0,68.0,255.0,0.015806
8,0.04,1,0,430,258,110,120.18,474.909,18987.0,255.0,0.015029
8,0.04,2,451,373,501,167,701.527,459.731,54396.0,255.0,0.015029
8,0.04,3,484,368,13,20,490.548,378.0,211.0,255.0,0.015029
8,0.04,4,671,359,33,4,688.35,368.872,80.0,255.0,0.015029
8,0.04,5,0,341,209,60,104.253,370.583,10961.5,255.0,0.015029
8,0.04,6,250,339,146,55,317.021,369.671,5580.0,255.0,0.015029
8,0.04,7,152,319,50,12,176.994,324.86,388.0,255.0,0.015029
8,0.04,8,681,304,279,82,821.2,344.96,13358.5,255.0,0.015029
8,0.04,9,909,302,16,18,916.701,310.8,187.5,255.0,0.015029
8,0.04,10,0,188,232,49,105.405,203.223,2014.0,255.0,0.015029
8,0.04,11,540,242,43,5,558.975,235.062,114.0,255.0,0.015029
8,0.04,12,874,237,59,57,903.51,265.284,2437.5,255.0,0.015029
8,0.04,13,346,229,4,23,348.916,241.752,56.0,255.0,0.015029
8,0.04,14,233,224,74,10,270.656,228.557,451.0,255.0,0.015029
8,0.04,15,887,212,16,13,894.605,218.477,78.0,255.0,0.015029
8,0.04,16,61,141,121,40,123.125,149.852,4494.5,255.0,0.015029
8,0.04,17,637,160,10,26,642.025,174.22,177.5,255.0,0.015029
8,0.04,18,44,99,144,37,114.788,107.77,3488.5,255.0,0.015029
8,0.04,19,293,139,39,37,312.7,157.5,1311.5,255.0,0.015029
8,0.04,20,412,134,119,41,471.201,154.502,3845.0,255.0,0.015029
8,0.04,21,44,99,144,37,116.354,117.5,3432.5,255.0,0.015029
8,0.04,22,0,30,121,107,60.469,83.5,6301.5,255.0,0.015029
8,0.04,23,611,0,349,287,794.938,141.36,49765.5,255.0,0.015029
8,0.04,24,710,0,93,64,756.452,32.0,2989.5,255.0,0.015029
8,0.04,25,691,0,15,77,698.847,38.5,949.0,255.0,0.015029
8,0.04,26,236,0,392,183,432.116,88.628,41217.5,255.0,0.015029
8,0.04,27,211,0,18,84,219.789,42.0,1156.5,255.0,0.015029
8,0.04,28,99,0,110,71,153.8,35.487,3890.0,255.0,0.015029
8,0.04,29,74,524,131,16,140.066,532.07,1595.5,255.0,0.015029
8,0.04,30,0,434,14,8,6.343,423.535,69.5,255.0,0.015029
8,0.04,31,251,341,13,11,254.892,337.205,73.0,255.0,0.015029
8,0.04,32,264,362,17,15,270.932,377.196,136.0,255.0,0.015029
8,0.04,33,292,367,9,16,301.786,379.258,96.0,255.0,0.015029
8,0.04,34,751,293,42,7,771.463,296.373,208.5,255.0,0.015029
8,0.04,35,48,249,96,8,101.031,253.19,458.0,255.0,0.015029
8,0.04,36,707,326,14,8,742.879,471.786,54.0,255.0,0.015029
8,0.04,37,183,245,150,10,256.477,250.033,959.5,255.0,0.015029
8,0.04,38,791,40,36,22,819.168,45.513,135.5,255.0,0.015029
8,0.04,40,858,0,48,25,882.19,11.686,183.0,255.0,0.015029
8,0.04,42,674,0,7,42,677.683,21.066,130.5,255.0,0.015029
8,0.04,44,481,0,479,313,720.425,151.478,53796.0,255.0,0.015029
8,0.04,45,34,436,9,12,-9.0,419.0,62.5,255.0,0.015029
8,0.04,46,55,433,40,15,75.0,440.5,260.0,255.0,0.015029
8,0.04,47,681,238,30,4,709.495,188.521,67.0,255.0,0.015029
8,0.04,48,484,244,23,5,493.54,246.41,65.0,255.0,0.015029
8,0.04,49,23,239,312,20,179.0,249.0,1785.0,255.0,0.015029
8,0.04,50,673,289,21,6,683.5,292.0,68.0,255.0,0.015029
8,0.04,51,244,264,26,3,257.0,265.5,50.0,255.0,0.015029
9,0.045,1,47,432,117,58,114.876,470.379,2773.0,254.0,0.023027
9,0.045,2,451,374,500,166,701.383,459.044,52743.0,254.0,0.023027
9,0.045,3,485,369,12,19,490.712,378.184,155.0,254.0,0.023027
9,0.045,4,708,326,12,8,698.059,354.66,58.0,254.0,0.023027
9,0.045,5,0,342,208,57,104.169,370.553,10593.5,254.0,0.023027
9,0.045,6,270,340,54,50,309.994,368.301,1084.0,254.0,0.023027
9,0.045,7,152,319,50,12,177.244,324.79,388.0,254.0,0.023027
9,0.045,8,683,304,277,81,820.872,344.813,12385.5,254.0,0.023027
9,0.045,9,909,302,15,18,916.637,310.88,160.5,254.0,0.023027
9,0.045,10,24,188,206,47,109.563,202.286,1545.5,254.0,0.023027
9,0.045,11,529,218,55,6,558.269,230.166,149.0,254.0,0.023027
9,0.045,12,874,238,59,54,903.528,265.208,2337.5,254.0,0.023027
9,0.045,13,346,229,4,23,349.441,242.178,56.0,254.0,0.023027
9,0.045,14,239,224,63,9,270.513,228.537,302.0,254.0,0.023027
9,0.045,15,885,211,18,10,894.453,217.38,105.0,254.0,0.023027
9,0.045,16,62,141,120,40,123.161,148.558,4394.5,254.0,0.023027
9,0.045,17,639,167,7,18,642.226,175.027,74.0,254.0,0.023027
9,0.045,18,44,99,144,37,114.644,106.721,3442.5,254.0,0.023027
9,0.045,19,294,139,38,37,312.804,157.5,1265.5,254.0,0.023027
9,0.045,20,412,134,118,41,471.137,154.487,3783.5,254.0,0.023027
9,0.045,22,0,30,122,107,60.629,83.5,6281.0,254.0,0.023027
9,0.045,23,587,0,373,286,784.659,141.969,49769.5,254.0,0.023027
9,0.045,24,710,0,93,64,756.472,32.0,3056.5,254.0,0.023027
9,0.045,25,691,0,16,77,698.891,38.5,1060.0,254.0,0.023027
9,0.045,26,236,0,393,183,432.247,89.378,41288.5,254.0,0.023027
9,0.045,27,210,0,19,84,219.683,42.0,1179.0,254.0,0.023027
9,0.045,28,98,0,111,71,153.696,35.5,3906.0,254.0,0.023027
9,0.045,29,73,523,138,17,141.181,531.765,1777.5,254.0,0.023027
9,0.045,30,0,434,36,6,16.213,434.219,96.0,254.0,0.023027
9,0.045,31,251,341,25,20,258.756,344.32,160.0,254.0,0.023027
9,0.045,32,253,377,11,10,263.879,380.213,57.5,254.0,0.023027
9,0.045,33,292,367,9,16,307.551,383.902,96.0,254.0,0.023027
9,0.045,34,751,292,44,9,772.543,296.432,249.5,254.0,0.023027
9,0.045,35,85,250,54,6,104.604,253.039,239.0,254.0,0.023027
9,0.045,37,193,245,139,10,258.847,249.946,756.0,254.0,0.023027
9,0.045,38,772,37,60,34,810.948,49.483,222.5,254.0,0.023027
9,0.045,40,838,17,34,20,867.404,20.101,121.0,254.0,0.023027
9,0.045,42,675,0,6,48,677.871,23.459,144.5,254.0,0.023027
9,0.045,44,481,0,479,313,720.174,147.463,53796.0,254.0,0.023027
9,0.045,45,34,436,9,12,-26.272,410.637,62.5,254.0,0.023027
9,0.045,46,22,436,21,16,33.066,443.953,107.5,254.0,0.023027
9,0.045,47,681,238,30,4,714.892,167.929,67.0,254.0,0.023027
9,0.045,48,484,244,23,5,489.317,246.542,65.0,254.0,0.023027
9,0.045,49,23,239,312,20,179.0,249.0,1785.0,254.0,0.023027
9,0.045,50,673,289,21,6,683.5,292.0,68.0,254.0,0.023027
9,0.045,51,244,264,26,3,257.0,265.5,50.0,254.0,0.023027
9,0.045,52,738,71,32,19,754.0,80.5,78.0,254.0,0.023027
10,0.05,1,0,430,258,110,119.169,475.351,19049.0,254.0,0.01933
10,0.05,2,451,373,500,167,701.277,458.362,54756.5,254.0,0.01933
10,0.05,3,484,368,13,20,490.656,378.142,210.0,254.0,0.01933
10,0.05,4,672,359,33,4,695.349,356.309,86.0,254.0,0.01933
10,0.05,5,0,341,208,60,104.108,370.703,10968.5,254.0,0.01933
10,0.05,6,250,339,146,55,313.905,367.818,5583.5,254.0,0.01933
10,0.05,7,152,319,53,12,178.053,324.875,441.5,254.0,0.01933
10,0.05,8,683,304,277,81,820.243,344.816,12385.5,254.0,0.01933
10,0.05,9,908,302,17,18,916.591,310.936,188.0,254.0,0.01933
10,0.05,10,0,187,231,49,108.693,201.987,2029.0,254.0,0.01933
10,0.05,11,510,242,73,6,554.327,234.904,222.0,254.0,0.01933
10,0.05,12,874,237,60,56,903.71,265.152,2496.5,254.0,0.01933
10,0.05,13,314,228,15,8,327.656,234.293,69.0,254.0,0.01933
10,0.05,14,233,223,78,11,270.932,228.523,489.0,254.0,0.01933
10,0.05,15,885,211,18,10,894.6,217.193,105.0,254.0,0.01933
10,0.05,16,61,141,121,40,122.98,148.068,4518.0,254.0,0.01933
10,0.05,17,637,158,12,29,642.534,174.187,230.5,254.0,0.01933
10,0.05,18,44,99,144,37,114.589,106.344,3497.5,254.0,0.01933
10,0.05,19,293,139,39,37,312.706,157.5,1314.0,254.0,0.01933
10,0.05,20,412,134,119,42,471.263,154.648,3847.0,254.0,0.01933
10,0.05,22,0,30,122,107,60.745,83.5,6292.0,254.0,0.01933
10,0.05,23,587,0,373,286,786.962,141.417,49769.5,254.0,0.01933
10,0.05,24,710,0,93,64,756.486,32.0,3001.5,254.0,0.01933
10,0.05,25,691,0,15,77,698.752,38.5,962.0,254.0,0.01933
10,0.05,26,236,0,392,183,432.169,89.932,41292.0,254.0,0.01933
10,0.05,27,211,0,19,84,219.95,42.0,1164.5,254.0,0.01933
10,0.05,28,98,0,111,71,153.622,35.508,3885.5,254.0,0.01933
10,0.05,29,73,523,138,17,141.173,531.822,1777.5,254.0,0.01933
10,0.05,30,0,434,36,6,17.671,431.813,96.0,254.0,0.01933
10,0.05,31,271,316,44,6,273.586,331.252,103.0,254.0,0.01933
10,0.05,32,253,377,11,10,264.263,380.758,57.5,254.0,0.01933
10,0.05,33,292,367,9,16,313.316,388.546,96.0,254.0,0.01933
10,0.05,34,751,292,44,9,772.998,296.398,249.5,254.0,0.01933
10,0.05,35,65,249,86,8,105.546,252.947,392.0,254.0,0.01933
10,0.05,37,184,245,149,10,258.905,249.894,907.5,254.0,0.01933
10,0.05,38,772,37,60,34,814.993,47.262,222.5,254.0,0.01933
10,0.05,40,838,17,34,20,869.623,19.06,121.0,254.0,0.01933
10,0.05,42,675,0,6,48,677.882,25.111,144.5,254.0,0.01933
10,0.05,44,480,0,480,385,719.971,174.216,69085.5,254.0,0.01933
10,0.05,45,34,436,9,12,-43.544,402.273,62.5,254.0,0.01933
10,0.05,46,22,436,21,16,26.26,444.514,107.5,254.0,0.01933
10,0.05,47,681,238,30,4,720.29,147.337,67.0,254.0,0.01933
10,0.05,48,484,244,23,5,485.095,246.673,65.0,254.0,0.01933
10,0.05,50,672,289,23,8,683.5,292.971,91.0,254.0,0.01933
10,0.05,51,244,264,26,3,257.0,265.5,50.0,254.0,0.01933
10,0.05,52,738,71,32,19,754.0,80.5,78.0,254.0,0.01933
10,0.05,53,2,323,21,5,12.5,325.5,54.0,254.0,0.01933
10,0.05,54,80,319,17,6,88.5,322.0,62.5,254.0,0.01933
11,0.055,1,48,432,112,58,114.286,471.246,1808.5,254.0,0.019395
11,0.055,2,451,374,500,166,701.197,458.008,52524.5,254.0,0.019395
11,0.055,3,485,369,11,19,490.614,378.271,144.0,254.0,0.019395
11,0.055,4,683,338,45,16,699.108,352.466,554.5,254.0,0.019395
11,0.055,5,0,342,208,57,104.065,370.652,10481.0,254.0,0.019395
11,0.055,6,292,360,28,18,311.325,368.261,193.5,254.0,0.019395
11,0.055,7,152,319,53,12,178.39,324.829,441.5,254.0,0.019395
11,0.055,8,722,304,238,81,828.713,344.684,11883.5,254.0,0.019395
11,0.055,9,909,302,16,17,916.719,310.814,174.0,254.0,0.019395
11,0.055,10,0,192,230,42,108.156,202.584,1523.5,254.0,0.019395
11,0.055,11,510,242,73,6,553.788,235.254,222.0,254.0,0.019395
11,0.055,12,874,237,59,55,903.68,264.949,2292.5,254.0,0.019395
11,0.055,13,314,228,15,8,325.171,233.598,69.0,254.0,0.019395
11,0.055,14,238,225,52,7,268.665,228.513,233.5,254.0,0.019395
11,0.055,15,885,211,18,10,894.747,217.005,105.0,254.0,0.019395
11,0.055,16,62,142,120,39,122.977,148.266,4381.5,254.0,0.019395
11,0.055,17,637,158,12,29,642.605,174.21,230.5,254.0,0.019395
11,0.055,18,44,99,144,37,114.591,106.406,3435.5,254.0,0.019395
11,0.055,19,293,139,39,37,312.634,157.5,1270.0,254.0,0.019395
11,0.055,20,412,134,118,41,471.193,154.606,3776.5,254.0,0.019395
11,0.055,22,0,30,121,107,60.67,83.5,6261.5,254.0,0.019395
11,0.055,23,606,0,354,285,786.053,141.703,49612.0,254.0,0.019395
11,0.055,24,710,0,93,64,756.496,32.0,3049.5,254.0,0.019395
11,0.055,25,691,0,16,77,698.812,38.5,1060.0,254.0,0.019395
11,0.055,26,236,0,392,165,432.111,87.447,41127.5,254.0,0.019395
11,0.055,27,210,0,19,84,219.824,42.0,1149.0,254.0,0.019395
11,0.055,28,98,0,110,70,153.407,35.352,3883.0,254.0,0.019395
11,0.055,29,72,524,134,16,139.962,531.946,1716.0,254.0,0.019395
11,0.055,30,4,441,11,8,13.172,439.055,59.5,254.0,0.019395
11,0.055,31,271,316,44,6,273.943,327.318,103.0,254.0,0.019395
11,0.055,32,253,377,11,10,264.648,381.304,57.5,254.0,0.019395
11,0.055,33,292,367,9,16,319.081,393.19,96.0,254.0,0.019395
11,0.055,34,751,293,41,8,772.367,296.717,236.5,254.0,0.019395
11,0.055,35,85,250,55,6,107.953,252.892,241.0,254.0,0.019395
11,0.055,37,194,245,138,9,260.548,249.685,704.0,254.0,0.019395
11,0.055,38,797,47,16,11,811.238,49.185,58.0,254.0,0.019395
11,0.055,40,816,13,62,35,858.038,24.954,248.0,254.0,0.019395
11,0.055,42,676,0,5,44,678.23,24.117,125.0,254.0,0.019395
11,0.055,44,480,0,480,385,719.729,175.904,69085.5,254.0,0.019395
11,0.055,46,22,436,21,16,19.454,445.074,107.5,254.0,0.019395
11,0.055,48,484,244,23,5,480.873,246.805,65.0,254.0,0.019395
11,0.055,50,672,289,23,8,683.5,293.2,91.0,254.0,0.019395
11,0.055,51,244,264,26,3,257.0,265.5,50.0,254.0,0.019395
11,0.055,52,753,61,34,20,768.546,71.863,89.5,254.0,0.019395
11,0.055,53,2,323,21,5,12.5,325.5,54.0,254.0,0.019395
11,0.055,54,80,319,17,6,88.5,322.0,62.5,254.0,0.019395
12,0.06,1,0,430,258,110,118.282,475.475,19007.5,254.0,0.014567
12,0.06,2,451,373,500,167,701.136,457.58,54364.0,254.0,0.014567
12,0.06,3,484,368,13,20,490.582,378.214,204.0,254.0,0.014567
12,0.06,4,675,360,29,3,696.759,354.597,56.0,254.0,0.014567
12,0.06,5,0,341,209,60,104.186,370.766,10937.0,254.0,0.014567
12,0.06,6,250,339,145,55,314.45,367.821,5573.0,254.0,0.014567
12,0.06,7,151,319,52,12,177.86,324.892,377.0,254.0,0.014567
12,0.06,8,682,304,278,82,826.384,344.789,13169.0,254.0,0.014567
12,0.06,9,908,302,17,18,916.662,310.874,189.5,254.0,0.014567
12,0.06,10,0,188,232,48,108.312,202.985,2000.5,254.0,0.014567
12,0.06,11,522,242,56,5,551.97,239.106,154.0,254.0,0.014567
12,0.06,12,874,237,59,56,903.655,264.948,2424.5,254.0,0.014567
12,0.06,13,236,223,73,11,294.074,230.393,455.0,254.0,0.014567
12,0.06,14,191,245,142,10,266.345,235.106,859.5,254.0,0.014567
12,0.06,15,887,213,16,8,894.949,216.912,56.0,254.0,0.014567
12,0.06,16,61,141,121,40,122.793,148.63,4496.0,254.0,0.014567
12,0.06,17,638,161,9,26,642.603,174.137,149.0,254.0,0.014567
12,0.06,18,44,99,144,37,114.634,106.769,3479.5,254.0,0.014567
12,0.06,19,293,139,39,37,312.581,157.5,1311.0,254.0,0.014567
12,0.06,20,412,134,119,41,471.292,154.574,3818.5,254.0,0.014567
12,0.06,22,0,30,122,107,60.766,83.5,6296.5,254.0,0.014567
12,0.06,23,606,0,354,285,787.908,141.267,49612.0,254.0,0.014567
12,0.06,24,710,0,92,64,756.349,32.0,2999.5,254.0,0.014567
12,0.06,25,691,0,15,77,698.705,38.5,950.0,254.0,0.014567
12,0.06,26,236,0,392,183,432.068,88.345,41019.5,254.0,0.014567
12,0.06,27,211,0,18,84,219.881,42.0,1146.5,254.0,0.014567
12,0.06,28,98,0,111,71,153.4,35.388,3876.0,254.0,0.014567
12,0.06,29,72,524,134,16,139.768,532.014,1716.0,254.0,0.014567
12,0.06,30,4,441,11,8,13.736,438.098,59.5,254.0,0.014567
12,0.06,31,271,316,44,6,274.3,323.385,103.0,254.0,0.014567
12,0.06,32,253,377,11,10,265.033,381.849,57.5,254.0,0.014567
12,0.06,33,292,367,9,16,324.846,397.834,96.0,254.0,0.014567
12,0.06,34,704,316,40,6,751.713,306.32,124.0,254.0,0.014567
12,0.06,35,82,250,58,6,109.156,252.861,261.0,254.0,0.014567
12,0.06,37,194,245,138,9,261.058,249.562,704.0,254.0,0.014567
12,0.06,38,797,47,16,11,814.071,47.608,58.0,254.0,0.014567
12,0.06,40,816,13,62,35,858.111,24.99,248.0,254.0,0.014567
12,0.06,42,676,0,5,44,678.293,25.357,125.0,254.0,0.014567
12,0.06,44,484,0,476,313,720.883,165.873,53398.0,254.0,0.014567
12,0.06,46,22,436,21,16,12.648,445.635,107.5,254.0,0.014567
12,0.06,48,490,244,28,5,499.887,246.566,64.0,254.0,0.014567
12,0.06,50,672,289,23,8,683.5,293.429,91.0,254.0,0.014567
12,0.06,51,244,264,26,3,257.0,265.5,50.0,254.0,0.014567
12,0.06,52,753,61,34,20,774.364,68.409,89.5,254.0,0.014567
12,0.06,53,2,323,21,5,12.5,325.5,54.0,254.0,0.014567
12,0.06,54,80,319,17,6,88.5,322.0,62.5,254.0,0.014567
13,0.065,1,46,433,88,57,109.928,471.817,719.0,254.0,0.021328
13,0.065,2,451,392,500,148,701.089,460.045,51910.0,254.0,0.021328
13,0.065,3,485,369,11,19,490.557,378.315,150.5,254.0,0.021328
13,0.065,4,667,374,45,16,694.909,362.508,467.5,254.0,0.021328
13,0.065,5,0,342,207,56,103.986,370.558,10491.5,254.0,0.021328
13,0.065,6,293,367,16,22,310.558,370.86,132.5,254.0,0.021328
13,0.065,7,151,319,52,12,178.078,324.861,377.0,254.0,0.021328
13,0.065,8,682,305,278,80,824.825,344.859,12342.5,254.0,0.021328
13,0.065,9,909,302,15,18,916.617,310.92,167.0,254.0,0.021328
13,0.065,10,9,226,151,8,99.087,208.997,398.0,254.0,0.021328
13,0.065,11,538,219,41,4,553.75,233.414,110.0,254.0,0.021328
13,0.065,12,875,238,58,53,903.779,264.802,2247.0,254.0,0.021328
13,0.065,13,239,224,54,8,278.708,228.799,223.5,254.0,0.021328
13,0.065,14,193,245,139,9,264.727,240.05,702.5,254.0,0.021328
13,0.065,15,886,211,16,14,894.656,217.25,100.0,254.0,0.021328
13,0.065,16,62,142,120,39,122.772,149.401,4397.0,254.0,0.021328
13,0.065,17,641,161,5,21,642.959,173.212,50.0,254.0,0.021328
13,0.065,18,44,99,144,37,114.704,107.342,3443.5,254.0,0.021328
13,0.065,19,294,139,38,37,312.688,157.5,1270.0,254.0,0.021328
13,0.065,20,412,134,118,41,471.221,154.549,3770.0,254.0,0.021328
13,0.065,22,0,30,122,107,60.841,83.5,6262.0,254.0,0.021328
13,0.065,23,602,0,358,286,785.648,141.85,49433.5,254.0,0.021328
13,0.065,24,710,0,93,64,756.383,32.0,3045.5,254.0,0.021328
13,0.065,25,691,0,16,77,698.771,38.5,1050.0,254.0,0.021328
13,0.065,26,236,0,393,171,432.183,87.305,41187.5,254.0,0.021328
13,0.065,27,210,0,19,84,219.777,42.0,1157.5,254.0,0.021328
13,0.065,28,98,0,111,71,153.398,35.416,3882.0,254.0,0.021328
13,0.065,29,72,522,133,18,139.034,531.539,1577.5,254.0,0.021328
13,0.065,30,4,441,11,8,14.3,437.14,59.5,254.0,0.021328
13,0.065,31,271,316,44,6,274.657,319.451,103.0,254.0,0.021328
13,0.065,32,253,377,11,10,265.418,382.394,57.5,254.0,0.021328
13,0.065,34,753,292,40,9,757.747,303.625,209.0,254.0,0.021328
13,0.065,35,84,250,54,6,110.021,252.846,234.5,254.0,0.021328
13,0.065,37,194,245,138,9,261.568,249.438,704.0,254.0,0.021328
13,0.065,38,812,40,16,10,818.458,45.513,61.5,254.0,0.021328
13,0.065,40,816,13,62,35,858.184,25.026,248.0,254.0,0.021328
13,0.065,42,675,0,6,33,678.178,21.529,87.0,254.0,0.021328
13,0.065,44,484,0,476,313,720.858,165.739,53398.0,254.0,0.021328
13,0.065,46,22,436,21,16,5.842,446.195,107.5,254.0,0.021328
13,0.065,48,490,244,28,5,499.561,246.635,64.0,254.0,0.021328
13,0.065,50,672,289,23,8,683.5,293.657,91.0,254.0,0.021328
13,0.065,51,244,264,26,3,257.0,265.5,50.0,254.0,0.021328
13,0.065,52,784,50,24,15,793.158,58.84,84.0,254.0,0.021328
13,0.065,53,2,323,21,5,12.5,325.5,54.0,254.0,0.021328
13,0.065,54,80,319,17,6,88.5,322.0,62.5,254.0,0.021328
13,0.065,55,88,432,72,23,124.0,443.5,852.0,254.0,0.021328
13,0.065,56,163,188,67,44,196.5,210.0,1110.0,254.0,0.021328
14,0.07,1,0,430,258,110,114.459,475.582,18954.0,254.0,0.019658
14,0.07,2,451,373,501,167,701.195,459.283,54488.0,254.0,0.019658
14,0.07,3,484,368,13,20,490.537,378.25,217.5,254.0,0.019658
14,0.07,4,673,359,31,4,693.142,362.565,81.0,254.0,0.019658
14,0.07,5,0,341,209,60,104.113,370.678,10951.0,254.0,0.019658
14,0.07,6,250,339,145,55,313.61,369.974,5551.5,254.0,0.019658
14,0.07,7,143,318,59,13,175.611,324.677,446.0,254.0,0.019658
14,0.07,8,681,304,279,82,823.54,344.909,13558.0,254.0,0.019658
14,0.07,9,909,302,16,18,916.724,310.956,186.5,254.0,0.019658
14,0.07,10,0,187,233,50,101.465,208.632,2082.5,254.0,0.019658
14,0.07,11,506,242,71,6,549.633,237.024,191.0,254.0,0.019658
14,0.07,12,874,237,59,56,903.733,264.831,2448.5,254.0,0.019658
14,0.07,13,235,223,70,11,270.976,227.996,459.5,254.0,0.019658
14,0.07,14,192,245,141,9,263.502,243.875,838.0,254.0,0.019658
14,0.07,15,886,211,16,14,894.75,217.144,100.0,254.0,0.019658
14,0.07,16,61,141,121,40,122.591,150.18,4507.5,254.0,0.019658
14,0.07,17,638,159,9,28,642.881,173.063,154.0,254.0,0.019658
14,0.07,18,44,99,144,37,114.794,108.063,3474.5,254.0,0.019658
14,0.07,19,293,139,39,37,312.632,157.5,1316.0,254.0,0.019658
14,0.07,20,412,134,118,42,471.164,154.673,3831.5,254.0,0.019658
14,0.07,22,0,30,122,107,60.899,83.5,6302.0,254.0,0.019658
14,0.07,23,602,0,358,286,786.973,141.545,49433.5,254.0,0.019658
14,0.07,24,710,0,93,64,756.41,32.0,3016.5,254.0,0.019658
14,0.07,25,691,0,16,77,698.825,38.5,955.0,254.0,0.019658
14,0.07,26,236,0,392,183,432.133,88.216,41296.0,254.0,0.019658
14,0.07,27,210,0,19,84,219.694,42.0,1154.5,254.0,0.019658
14,0.07,28,99,0,110,70,153.542,35.296,3872.5,254.0,0.019658
14,0.07,29,72,522,133,18,138.766,531.532,1577.5,254.0,0.019658
14,0.07,30,4,441,11,8,14.864,436.183,59.5,254.0,0.019658
14,0.07,31,289,317,25,5,291.311,317.968,61.0,254.0,0.019658
14,0.07,32,253,377,11,10,265.802,382.94,57.5,254.0,0.019658
14,0.07,34,753,292,40,9,756.217,304.465,209.0,254.0,0.019658
14,0.07,35,82,250,57,6,110.481,252.841,256.0,254.0,0.019658
14,0.07,37,232,262,35,4,255.913,256.513,75.0,254.0,0.019658
14,0.07,38,812,40,16,10,821.505,43.865,61.5,254.0,0.019658
14,0.07,40,816,13,62,35,858.258,25.063,248.0,254.0,0.019658
14,0.07,42,675,0,6,33,678.216,22.071,87.0,254.0,0.019658
14,0.07,44,480,0,480,313,720.415,161.035,54497.0,254.0,0.019658
14,0.07,46,22,436,21,16,-0.964,446.756,107.5,254.0,0.019658
14,0.07,48,490,244,28,5,499.235,246.704,64.0,254.0,0.019658
14,0.07,50,673,289,21,8,683.5,293.133,76.5,254.0,0.019658
14,0.07,52,784,50,24,15,803.135,53.425,84.0,254.0,0.019658
14,0.07,53,2,323,21,5,12.5,325.5,54.0,254.0,0.019658
14,0.07,54,80,319,17,6,88.5,322.0,62.5,254.0,0.019658
14,0.07,55,88,432,72,23,124.0,443.5,852.0,254.0,0.019658
14,0.07,56,163,188,67,44,196.5,210.0,1110.0,254.0,0.019658
14,0.07,57,341,229,9,23,345.5,240.5,70.0,254.0,0.019658
15,0.075,1,45,433,89,57,107.225,472.075,1084.0,254.0,0.015384
15,0.075,2,451,392,500,148,701.143,461.282,52116.5,254.0,0.015384
15,0.075,3,485,369,11,18,490.522,378.195,137.5,254.0,0.015384
15,0.075,4,668,374,45,20,692.295,369.083,499.5,254.0,0.015384
15,0.075,5,0,342,208,56,104.079,370.497,10485.5,254.0,0.015384
15,0.075,6,294,362,17,24,310.543,371.307,223.0,254.0,0.015384
15,0.075,7,143,318,59,13,175.485,324.626,446.0,254.0,0.015384
15,0.075,8,682,304,278,81,822.709,344.802,11882.5,254.0,0.015384
15,0.075,9,909,302,15,13,916.671,310.289,137.0,254.0,0.015384
15,0.075,10,47,188,183,45,109.875,208.052,1441.5,254.0,0.015384
15,0.075,11,538,218,33,6,550.441,232.608,83.0,254.0,0.015384
15,0.075,12,874,238,59,54,903.691,264.857,2272.0,254.0,0.015384
15,0.075,13,240,224,52,8,264.437,227.285,246.0,254.0,0.015384
15,0.075,14,193,245,138,9,262.447,246.818,674.5,254.0,0.015384
15,0.075,15,886,211,16,14,894.844,217.039,100.0,254.0,0.015384
15,0.075,16,62,142,120,39,122.564,151.228,4372.5,254.0,0.015384
15,0.075,17,638,159,9,28,642.958,172.939,154.0,254.0,0.015384
15,0.075,18,44,99,144,37,114.898,108.886,3432.5,254.0,0.015384
15,0.075,19,294,139,38,37,312.726,157.5,1255.0,254.0,0.015384
15,0.075,20,412,134,118,41,471.117,154.633,3773.0,254.0,0.015384
15,0.075,22,0,30,121,107,60.806,83.5,6262.5,254.0,0.015384
15,0.075,23,604,0,356,238,785.526,131.452,42643.0,254.0,0.015384
15,0.075,24,710,0,93,64,756.433,32.0,3062.5,254.0,0.015384
15,0.075,25,691,0,16,77,698.87,38.5,1051.0,254.0,0.015384
15,0.075,26,236,0,392,172,432.092,87.451,41139.0,254.0,0.015384
15,0.075,27,210,0,19,84,219.628,42.0,1156.5,254.0,0.015384
15,0.075,28,98,0,110,70,153.383,35.2,3874.0,254.0,0.015384
15,0.075,29,74,524,136,16,140.12,531.745,1608.5,254.0,0.015384
15,0.075,30,4,441,11,8,15.428,435.226,59.5,254.0,0.015384
15,0.075,31,282,340,22,22,293.412,330.56,210.5,254.0,0.015384
15,0.075,34,746,293,43,8,759.762,302.015,200.0,254.0,0.015384
15,0.075,35,84,250,54,6,110.954,252.843,228.5,254.0,0.015384
15,0.075,37,232,262,35,4,255.548,257.411,75.0,254.0,0.015384
15,0.075,38,812,39,17,11,822.675,43.274,63.5,254.0,0.015384
15,0.075,40,816,13,62,35,858.331,25.099,248.0,254.0,0.015384
15,0.075,42,675,0,6,47,678.137,23.024,133.0,254.0,0.015384
15,0.075,44,480,0,480,313,720.332,160.272,54497.0,254.0,0.015384
15,0.075,48,490,244,28,5,498.909,246.774,64.0,254.0,0.015384
15,0.075,50,673,289,21,8,683.5,293.236,76.5,254.0,0.015384
15,0.075,52,754,59,36,22,783.58,63.806,103.0,254.0,0.015384
15,0.075,53,2,323,21,5,12.5,325.5,54.0,254.0,0.015384
15,0.075,54,80,319,17,6,88.5,322.0,62.5,254.0,0.015384
15,0.075,55,114,432,33,24,129.909,443.955,367.5,254.0,0.015384
15,0.075,56,163,188,67,44,196.5,210.0,1110.0,254.0,0.015384
15,0.075,57,341,229,9,23,345.5,240.5,70.0,254.0,0.015384
15,0.075,58,89,433,24,16,101.0,441.0,166.0,254.0,0.015384
15,0.075,59,673,231,225,55,785.5,258.5,6861.0,254.0,0.015384
15,0.075,60,17,230,27,3,30.5,231.5,52.0,254.0,0.015384
16,0.08,1,0,430,258,110,112.131,475.573,18945.5,254.0,0.013295
16,0.08,2,451,373,500,167,701.1,460.306,54297.5,254.0,0.013295
16,0.08,3,484,368,13,20,490.51,378.148,211.0,254.0,0.013295
16,0.08,4,674,359,30,4,691.208,367.909,81.0,254.0,0.013295
16,0.08,5,0,341,209,60,104.187,370.621,10971.5,254.0,0.013295
16,0.08,6,250,339,146,55,313.628,370.323,5582.5,254.0,0.013295
16,0.08,7,147,319,54,11,174.766,324.542,367.0,254.0,0.013295
16,0.08,8,682,304,278,82,822.065,344.856,13265.0,254.0,0.013295
16,0.08,9,909,302,16,18,916.763,310.425,185.5,254.0,0.013295
16,0.08,10,0,188,232,49,110.663,208.264,1992.0,254.0,0.013295
16,0.08,11,539,242,35,5,551.679,235.802,104.0,254.0,0.013295
16,0.08,12,874,237,59,56,903.655,264.881,2413.0,254.0,0.013295
16,0.08,13,237,224,69,10,261.48,227.089,433.5,254.0,0.013295
16,0.08,14,192,245,140,9,261.664,249.048,809.5,254.0,0.013295
16,0.08,15,887,214,15,12,894.729,218.394,76.0,254.0,0.013295
16,0.08,16,61,141,121,40,122.39,152.195,4496.0,254.0,0.013295
16,0.08,17,637,159,11,27,642.844,172.703,167.0,254.0,0.013295
16,0.08,18,44,99,144,37,115.01,109.77,3496.5,254.0,0.013295
16,0.08,19,293,139,39,37,312.667,157.5,1314.0,254.0,0.013295
16,0.08,20,412,134,119,41,471.215,154.6,3827.0,254.0,0.013295
16,0.08,22,0,30,122,107,60.864,83.5,6304.5,254.0,0.013295
16,0.08,23,604,0,356,238,786.51,129.941,42643.0,254.0,0.013295
16,0.08,24,710,0,93,64,756.452,32.0,2980.0,254.0,0.013295
16,0.08,25,691,0,16,77,698.907,38.5,970.0,254.0,0.013295
16,0.08,26,236,0,392,186,432.059,88.752,41114.0,254.0,0.013295
16,0.08,27,210,0,19,84,219.576,42.0,1144.5,254.0,0.013295
16,0.08,28,98,0,111,71,153.391,35.26,3864.0,254.0,0.013295
16,0.08,29,74,524,136,16,140.059,531.766,1608.5,254.0,0.013295
16,0.08,30,4,441,11,8,15.992,434.269,59.5,254.0,0.013295
16,0.08,31,288,316,20,5,296.598,325.149,53.0,254.0,0.013295
16,0.08,34,746,293,43,8,758.932,302.401,200.0,254.0,0.013295
16,0.08,35,82,250,58,6,111.288,252.849,261.0,254.0,0.013295
16,0.08,37,258,262,27,4,262.672,260.921,56.0,254.0,0.013295
16,0.08,38,812,39,17,11,825.482,41.761,63.5,254.0,0.013295
16,0.08,40,816,13,62,35,858.404,25.135,248.0,254.0,0.013295
16,0.08,42,675,0,6,47,678.16,23.619,133.0,254.0,0.013295
16,0.08,44,481,0,479,313,720.365,158.115,53550.0,254.0,0.013295
16,0.08,48,487,244,22,5,498.158,246.593,61.0,254.0,0.013295
16,0.08,50,674,289,18,6,683.191,292.511,53.5,254.0,0.013295
16,0.08,52,754,59,36,22,786.597,62.115,103.0,254.0,0.013295
16,0.08,53,39,316,17,9,47.034,320.567,55.5,254.0,0.013295
16,0.08,55,114,432,33,24,132.273,444.136,367.5,254.0,0.013295
16,0.08,56,163,188,67,44,196.5,210.0,1110.0,254.0,0.013295
16,0.08,57,341,230,9,22,345.5,240.955,64.0,254.0,0.013295
16,0.08,58,89,433,24,16,101.0,441.0,166.0,254.0,0.013295
16,0.08,59,673,231,225,55,785.5,258.5,6861.0,254.0,0.013295
16,0.08,60,50,251,26,5,56.503,249.102,62.0,254.0,0.013295
17,0.085,1,47,432,105,58,108.379,472.012,1642.5,253.0,0.01255
17,0.085,2,451,374,501,166,701.199,459.595,52623.0,253.0,0.01255
17,0.085,3,485,369,11,18,490.5,378.109,134.5,253.0,0.01255
17,0.085,4,674,359,30,4,690.845,368.998,81.0,253.0,0.01255
17,0.085,5,0,342,207,56,104.009,370.456,10539.0,253.0,0.01255
17,0.085,6,288,366,31,20,310.971,372.022,310.0,253.0,0.01255
17,0.085,7,147,319,54,11,174.567,324.488,367.0,253.0,0.01255
17,0.085,8,683,304,277,81,821.702,344.764,11878.0,253.0,0.01255
17,0.085,9,909,302,15,18,916.704,310.544,166.5,253.0,0.01255
17,0.085,10,0,188,230,46,111.145,208.154,1503.0,253.0,0.01255
17,0.085,11,556,219,31,4,556.817,231.934,71.0,253.0,0.01255
17,0.085,12,874,238,59,53,903.623,264.768,2272.0,253.0,0.01255
17,0.085,13,247,224,45,8,259.042,226.712,217.5,253.0,0.01255
17,0.085,14,194,245,139,9,261.505,250.695,662.0,253.0,0.01255
17,0.085,15,886,211,16,10,894.494,217.531,83.0,253.0,0.01255
17,0.085,16,62,142,120,39,122.366,153.339,4406.0,253.0,0.01255
17,0.085,17,637,159,11,27,642.895,172.565,167.0,253.0,0.01255
17,0.085,18,44,99,144,37,115.126,110.682,3444.5,253.0,0.01255
17,0.085,19,294,139,38,37,312.752,157.5,1268.0,253.0,0.01255
17,0.085,20,412,134,118,41,471.163,154.572,3774.5,253.0,0.01255
17,0.085,22,0,30,121,107,60.776,83.5,6259.5,253.0,0.01255
17,0.085,23,598,0,362,286,783.918,134.564,49462.0,253.0,0.01255
17,0.085,24,710,0,93,64,756.467,32.0,3044.5,253.0,0.01255
17,0.085,25,691,0,16,77,698.937,38.5,1070.0,253.0,0.01255
17,0.085,26,236,0,392,183,432.033,89.448,41187.5,253.0,0.01255
17,0.085,27,210,0,19,84,219.535,42.0,1172.0,253.0,0.01255
17,0.085,28,98,0,111,71,153.4,35.312,3882.0,253.0,0.01255
17,0.085,29,73,523,128,17,138.689,531.662,1541.5,253.0,0.01255
17,0.085,31,287,346,21,15,298.578,332.793,125.0,253.0,0.01255
17,0.085,34,752,293,41,8,763.969,300.429,207.5,253.0,0.01255
17,0.085,35,84,250,54,6,111.517,252.859,229.5,253.0,0.01255
17,0.085,37,258,262,27,4,263.265,262.154,56.0,253.0,0.01255
17,0.085,38,823,33,18,12,829.909,39.703,66.5,253.0,0.01255
17,0.085,40,859,14,18,11,865.372,21.065,53.5,253.0,0.01255
17,0.085,42,675,0,6,42,678.104,22.811,130.5,253.0,0.01255
17,0.085,44,481,0,479,313,720.297,157.174,53550.0,253.0,0.01255
17,0.085,48,487,244,22,5,497.782,246.633,61.0,253.0,0.01255
17,0.085,50,674,289,18,6,683.144,292.489,53.5,253.0,0.01255
17,0.085,52,754,59,36,22,789.614,60.423,103.0,253.0,0.01255
17,0.085,53,39,316,17,9,52.639,319.766,55.5,253.0,0.01255
17,0.085,55,114,432,33,24,134.636,444.318,367.5,253.0,0.01255
17,0.085,56,163,188,67,44,196.5,210.0,1110.0,253.0,0.01255
17,0.085,57,341,230,9,22,345.5,241.136,64.0,253.0,0.01255
17,0.085,58,89,433,24,16,101.0,441.0,166.0,253.0,0.01255
17,0.085,59,673,231,225,55,785.5,258.5,6861.0,253.0,0.01255
17,0.085,60,50,251,26,5,69.497,257.898,62.0,253.0,0.01255
18,0.09,1,0,430,257,110,113.019,475.387,19040.5,254.0,0.01389
18,0.09,2,450,373,501,167,701.017,458.849,54692.0,254.0,0.01389
18,0.09,3,484,368,13,20,490.494,378.077,215.5,254.0,0.01389
18,0.09,4,673,359,31,4,689.819,367.051,74.5,254.0,0.01389
18,0.09,5,0,341,208,59,103.993,370.452,10962.5,254.0,0.01389
18,0.09,6,250,339,146,55,313.939,370.886,5578.5,254.0,0.01389
18,0.09,7,126,318,78,13,170.441,324.461,536.0,254.0,0.01389
18,0.09,8,679,304,281,82,820.893,344.821,13533.5,254.0,0.01389
18,0.09,9,908,302,17,18,916.653,310.647,190.0,254.0,0.01389
18,0.09,10,0,188,231,48,111.766,208.441,2047.5,254.0,0.01389
18,0.09,11,486,242,85,7,549.505,235.332,242.0,254.0,0.01389
18,0.09,12,874,237,59,56,903.596,264.809,2459.0,254.0,0.01389
18,0.09,13,193,245,140,9,255.808,232.429,815.0,254.0,0.01389
18,0.09,14,241,261,43,4,261.194,255.45,89.0,254.0,0.01389
18,0.09,15,886,212,17,14,894.516,217.989,110.0,254.0,0.01389
18,0.09,16,61,141,121,40,122.203,154.335,4499.5,254.0,0.01389
18,0.09,17,638,159,11,28,643.156,172.644,191.0,254.0,0.01389
18,0.09,18,44,99,144,37,115.242,111.594,3496.5,254.0,0.01389
18,0.09,19,293,139,39,37,312.691,157.5,1315.5,254.0,0.01389
18,0.09,20,412,134,118,41,471.118,154.55,3838.0,254.0,0.01389
18,0.09,22,0,30,121,107,60.703,83.5,6298.0,254.0,0.01389
18,0.09,23,598,0,362,286,784.467,133.797,49462.0,254.0,0.01389
18,0.09,24,710,0,93,64,756.48,32.0,2978.5,254.0,0.01389
18,0.09,25,691,0,15,77,698.829,38.5,956.0,254.0,0.01389
18,0.09,26,236,0,392,183,432.013,90.031,41284.5,254.0,0.01389
18,0.09,27,211,0,18,84,219.637,42.0,1158.5,254.0,0.01389
18,0.09,28,99,0,110,71,153.544,35.357,3881.0,254.0,0.01389
18,0.09,29,73,523,128,17,138.466,531.667,1541.5,254.0,0.01389
18,0.09,31,286,317,25,5,300.262,328.274,65.0,254.0,0.01389
18,0.09,34,752,293,41,8,763.908,300.505,207.5,254.0,0.01389
18,0.09,35,81,249,58,7,111.384,252.73,263.5,254.0,0.01389
18,0.09,37,237,223,92,11,272.149,248.275,542.5,254.0,0.01389
18,0.09,38,823,33,18,12,832.916,38.123,66.5,254.0,0.01389
18,0.09,40,859,14,18,11,866.149,20.682,53.5,254.0,0.01389
18,0.09,42,675,0,6,42,678.117,23.233,130.5,254.0,0.01389
18,0.09,44,485,0,475,313,721.221,156.349,54305.0,254.0,0.01389
18,0.09,48,487,244,22,5,497.405,246.672,61.0,254.0,0.01389
18,0.09,50,672,290,19,5,682.253,292.485,59.5,254.0,0.01389
18,0.09,52,754,59,36,22,792.631,58.731,103.0,254.0,0.01389
18,0.09,53,85,318,27,7,84.97,320.648,122.0,254.0,0.01389
18,0.09,55,114,432,33,24,137.0,444.5,367.5,254.0,0.01389
18,0.09,56,163,188,67,44,196.5,210.0,1110.0,254.0,0.01389
18,0.09,57,341,231,9,14,345.5,238.596,53.5,254.0,0.01389
18,0.09,58,89,433,24,16,101.0,441.0,166.0,254.0,0.01389
18,0.09,59,673,231,225,55,785.5,258.5,6861.0,254.0,0.01389
18,0.09,60,50,251,26,5,82.492,266.695,62.0,254.0,0.01389
19,0.095,1,46,432,111,59,109.866,472.015,1855.5,253.0,0.01898
19,0.095,2,451,391,500,149,700.996,460.59,52005.5,253.0,0.01898
19,0.095,3,485,369,11,18,490.489,378.05,140.0,253.0,0.01898
19,0.095,4,668,374,42,16,689.251,372.113,459.0,253.0,0.01898
19,0.095,5,0,342,207,57,103.849,370.451,10450.0,253.0,0.01898
19,0.095,6,284,340,24,43,309.324,368.57,466.0,253.0,0.01898
19,0.095,7,126,318,78,13,169.765,324.41,536.0,253.0,0.01898
19,0.095,8,722,303,238,82,825.958,344.605,11782.5,253.0,0.01898
19,0.095,9,909,302,15,17,916.611,310.605,155.5,253.0,0.01898
19,0.095,10,8,188,222,45,113.284,208.379,1491.5,253.0,0.01898
19,0.095,11,539,219,34,5,550.703,231.815,86.0,253.0,0.01898
19,0.095,12,875,238,58,54,903.704,264.846,2277.5,253.0,0.01898
19,0.095,13,239,224,54,8,254.528,231.326,235.0,253.0,0.01898
19,0.095,14,194,246,112,8,257.712,255.791,570.5,253.0,0.01898
19,0.095,15,886,213,16,12,894.381,218.311,85.5,253.0,0.01898
19,0.095,16,62,142,120,39,122.189,155.442,4384.5,253.0,0.01898
19,0.095,17,638,159,11,28,643.235,172.534,191.0,253.0,0.01898
19,0.095,18,44,99,144,37,115.355,112.479,3429.5,253.0,0.01898
19,0.095,19,294,139,38,37,312.771,157.5,1262.0,253.0,0.01898
19,0.095,20,412,134,118,41,471.081,154.531,3777.5,253.0,0.01898
19,0.095,22,0,30,121,107,60.641,83.5,6265.0,253.0,0.01898
19,0.095,23,604,0,356,287,783.782,137.318,49504.0,253.0,0.01898
19,0.095,24,710,0,93,64,756.49,32.0,3053.5,253.0,0.01898
19,0.095,25,691,0,16,77,698.869,38.5,1014.0,253.0,0.01898
19,0.095,26,236,0,392,183,431.998,90.514,41135.5,253.0,0.01898
19,0.095,27,210,0,19,84,219.593,42.0,1136.0,253.0,0.01898
19,0.095,28,98,0,111,71,153.534,35.395,3892.5,253.0,0.01898
19,0.095,29,73,521,132,19,138.561,531.181,1626.5,253.0,0.01898
19,0.095,31,286,317,25,5,302.586,326.939,65.0,253.0,0.01898
19,0.095,34,743,293,54,8,766.361,299.118,283.0,253.0,0.01898
19,0.095,35,84,250,54,6,111.516,252.766,224.0,253.0,0.01898
19,0.095,37,309,245,23,6,290.449,247.788,84.0,253.0,0.01898
19,0.095,38,846,19,19,13,844.128,31.914,76.0,253.0,0.01898
19,0.095,40,887,0,14,10,881.08,12.301,63.0,253.0,0.01898
19,0.095,42,674,0,7,29,677.866,19.818,117.0,253.0,0.01898
19,0.095,44,485,0,475,313,721.275,155.422,54305.0,253.0,0.01898
19,0.095,48,487,244,22,5,497.029,246.712,61.0,253.0,0.01898
19,0.095,50,683,338,45,16,691.748,314.553,551.0,253.0,0.01898
19,0.095,52,799,44,19,14,805.464,52.427,63.5,253.0,0.01898
19,0.095,53,85,318,27,7,95.083,320.131,122.0,253.0,0.01898
19,0.095,55,114,432,33,24,139.364,444.682,367.5,253.0,0.01898
19,0.095,57,341,231,9,14,345.5,237.906,53.5,253.0,0.01898
19,0.095,58,89,433,24,16,101.0,441.0,166.0,253.0,0.01898
19,0.095,59,673,231,225,55,785.5,258.5,6861.0,253.0,0.01898
19,0.095,60,50,251,26,5,95.487,275.491,62.0,253.0,0.01898
19,0.095,61,257,377,14,11,264.0,382.5,74.5,253.0,0.01898
20,0.1,1,0,430,258,110,114.463,475.319,18940.5,254.0,0.013614
20,0.1,2,451,373,500,167,700.981,459.69,54431.0,254.0,0.013614
20,0.1,3,484,368,13,20,490.486,378.029,207.0,254.0,0.013614
20,0.1,4,673,359,31,4,688.697,369.786,69.5,254.0,0.013614
20,0.1,5,0,341,208,60,103.862,370.583,10950.5,254.0,0.013614
20,0.1,6,250,339,146,55,312.527,367.916,5591.0,254.0,0.013614
20,0.1,7,149,319,52,12,171.504,324.621,439.5,254.0,0.013614
20,0.1,8,681,303,279,82,824.825,344.423,13256.0,254.0,0.013614
20,0.1,9,908,302,17,18,916.575,310.7,186.0,254.0,0.013614
20,0.1,10,0,192,233,45,113.95,209.467,2011.5,254.0,0.013614
20,0.1,11,534,242,50,5,552.565,234.907,131.0,254.0,0.013614
20,0.1,12,874,237,59,56,903.663,264.879,2461.0,254.0,0.013614
20,0.1,13,235,223,72,11,255.372,230.532,458.0,254.0,0.013614
20,0.1,14,236,262,34,3,255.648,259.378,66.0,254.0,0.013614
20,0.1,15,886,214,16,7,894.278,218.125,54.0,254.0,0.013614
20,0.1,16,61,141,121,40,122.04,156.351,4508.5,254.0,0.013614
20,0.1,17,637,159,10,28,642.799,172.649,192.5,254.0,0.013614
20,0.1,18,44,99,144,37,115.462,113.317,3487.5,254.0,0.013614
20,0.1,19,293,139,39,37,312.707,157.5,1311.0,254.0,0.013614
20,0.1,20,412,134,119,42,471.183,154.647,3832.0,254.0,0.013614
20,0.1,22,0,30,122,107,60.722,83.5,6299.0,254.0,0.013614
20,0.1,23,604,0,356,287,784.181,137.071,49504.0,254.0,0.013614
20,0.1,24,710,0,93,64,756.497,32.0,2982.5,254.0,0.013614
20,0.1,25,691,0,15,77,698.772,38.5,961.5,254.0,0.013614
20,0.1,26,236,0,392,183,431.986,90.906,41109.5,254.0,0.013614
20,0.1,27,211,0,18,84,219.689,42.0,1153.0,254.0,0.013614
20,0.1,28,98,0,111,71,153.525,35.427,3890.0,254.0,0.013614
20,0.1,29,73,521,132,19,138.377,531.127,1626.5,254.0,0.013614
20,0.1,31,282,316,31,6,302.39,323.358,80.0,254.0,0.013614
20,0.1,34,706,316,38,6,752.212,305.93,109.0,254.0,0.013614
20,0.1,35,82,250,57,6,111.459,252.801,256.5,254.0,0.013614
20,0.1,37,192,245,141,9,284.126,247.924,811.0,254.0,0.013614
20,0.1,38,846,19,19,13,848.133,29.771,76.0,254.0,0.013614
20,0.1,40,887,0,14,10,883.29,11.109,63.0,254.0,0.013614
20,0.1,42,674,0,7,29,677.848,19.773,117.0,254.0,0.013614
20,0.1,44,486,0,474,313,722.03,155.336,53390.5,254.0,0.013614
20,0.1,48,496,243,32,6,506.521,246.268,92.5,254.0,0.013614
20,0.1,50,683,338,45,16,692.926,317.606,551.0,254.0,0.013614
20,0.1,52,799,44,19,14,809.885,50.075,63.5,254.0,0.013614
20,0.1,53,67,318,35,6,93.395,320.404,103.5,254.0,0.013614
20,0.1,55,114,432,33,24,141.727,444.864,367.5,254.0,0.013614
20,0.1,57,315,228,15,7,328.978,233.11,60.5,254.0,0.013614
20,0.1,58,89,433,24,16,101.0,441.0,166.0,254.0,0.013614
20,0.1,59,673,231,225,55,785.5,258.5,6861.0,254.0,0.013614
20,0.1,60,115,319,28,6,128.155,320.446,91.0,254.0,0.013614
20,0.1,61,257,377,14,11,264.0,382.5,74.5,254.0,0.013614
21,0.105,1,50,432,115,59,112.762,471.958,2227.5,253.0,0.016221
21,0.105,2,451,374,500,166,700.971,459.036,52393.5,253.0,0.016221
21,0.105,3,485,369,11,18,490.484,378.012,136.5,253.0,0.016221
21,0.105,4,673,359,31,4,688.214,370.559,69.5,253.0,0.016221
21,0.105,5,0,342,208,57,103.876,370.565,10474.5,253.0,0.016221
21,0.105,6,287,340,31,45,309.908,366.331,598.5,253.0,0.016221
21,0.105,7,149,319,52,12,171.121,324.601,439.5,253.0,0.016221
21,0.105,8,684,304,276,81,824.223,344.405,12277.0,253.0,0.016221
21,0.105,9,909,302,15,17,916.546,310.651,168.0,253.0,0.016221
21,0.105,10,0,192,230,42,114.142,210.062,1527.5,253.0,0.016221
21,0.105,11,542,219,29,4,553.522,231.382,75.0,253.0,0.016221
21,0.105,12,875,238,58,53,903.758,264.776,2250.5,253.0,0.016221
21,0.105,13,246,224,47,8,256.184,229.739,222.5,253.0,0.016221
21,0.105,14,193,246,110,8,252.715,258.639,573.0,253.0,0.016221
21,0.105,15,886,214,16,7,894.27,218.154,54.0,253.0,0.016221
21,0.105,16,62,142,120,39,122.042,157.327,4378.5,253.0,0.016221
21,0.105,17,637,159,10,28,642.813,172.567,192.5,253.0,0.016221
21,0.105,18,44,99,144,37,115.561,114.093,3446.5,253.0,0.016221
21,0.105,19,294,139,38,37,312.783,157.5,1274.0,253.0,0.016221
21,0.105,20,412,134,118,41,471.138,154.616,3778.0,253.0,0.016221
21,0.105,22,0,30,121,107,60.661,83.5,6272.5,253.0,0.016221
21,0.105,23,600,0,360,239,782.734,129.84,42575.0,253.0,0.016221
21,0.105,24,710,0,93,64,756.503,32.0,3051.5,253.0,0.016221
21,0.105,25,691,0,16,77,698.821,38.5,1020.5,253.0,0.016221
21,0.105,26,236,0,392,182,431.979,91.087,41190.0,253.0,0.016221
21,0.105,27,210,0,19,84,219.64,42.0,1158.0,253.0,0.016221
21,0.105,28,98,0,111,71,153.518,35.453,3900.0,253.0,0.016221
21,0.105,29,73,523,129,17,137.91,531.248,1565.0,253.0,0.016221
21,0.105,31,282,316,31,6,304.371,321.717,80.0,253.0,0.016221
21,0.105,34,741,293,48,8,755.101,303.687,231.5,253.0,0.016221
21,0.105,35,85,250,53,6,111.651,252.833,215.5,253.0,0.016221
21,0.105,37,310,245,21,6,296.406,247.592,80.5,253.0,0.016221
21,0.105,38,814,37,18,11,840.231,33.705,62.0,253.0,0.016221
21,0.105,40,887,0,14,10,885.499,9.916,63.0,253.0,0.016221
21,0.105,42,676,0,5,19,678.103,15.549,61.0,253.0,0.016221
21,0.105,44,486,0,474,313,722.169,154.511,53390.5,253.0,0.016221
21,0.105,48,496,243,32,6,507.156,246.258,92.5,253.0,0.016221
21,0.105,50,683,338,45,16,694.105,320.659,551.0,253.0,0.016221
21,0.105,52,799,44,19,14,814.306,47.724,63.5,253.0,0.016221
21,0.105,53,67,318,35,6,101.565,320.018,103.5,253.0,0.016221
21,0.105,57,315,228,15,7,325.084,231.452,60.5,253.0,0.016221
21,0.105,59,677,231,222,55,787.967,258.5,6790.5,253.0,0.016221
21,0.105,60,115,319,28,6,145.563,337.355,91.0,253.0,0.016221
21,0.105,61,257,377,14,11,264.0,382.5,74.5,253.0,0.016221
21,0.105,62,14,442,10,11,19.0,447.5,58.5,253.0,0.016221
21,0.105,63,33,436,10,11,38.0,441.5,51.5,253.0,0.016221
21,0.105,64,746,68,29,17,760.5,76.5,93.0,253.0,0.016221
22,0.11,1,0,430,258,110,116.936,475.233,19067.0,254.0,0.013324
22,0.11,2,451,373,500,167,700.964,458.346,54487.5,254.0,0.013324
22,0.11,3,484,368,13,20,490.484,377.999,209.0,254.0,0.013324
22,0.11,4,672,359,31,4,687.652,367.828,78.5,254.0,0.013324
22,0.11,5,0,341,209,60,104.023,370.68,10970.0,254.0,0.013324
22,0.11,6,250,339,146,55,313.061,366.064,5605.0,254.0,0.013324
22,0.11,7,94,318,109,13,161.78,324.549,687.0,254.0,0.013324
22,0.11,8,680,303,280,83,823.17,344.395,13580.0,254.0,0.013324
22,0.11,9,908,302,17,18,916.523,310.74,188.0,254.0,0.013324
22,0.11,10,0,188,232,48,114.578,210.348,2014.5,254.0,0.013324
22,0.11,11,538,242,36,6,554.21,234.67,118.0,254.0,0.013324
22,0.11,12,874,237,59,56,903.706,264.821,2434.0,254.0,0.013324
22,0.11,13,233,224,78,10,257.962,229.359,451.0,254.0,0.013324
22,0.11,14,193,243,141,11,254.43,257.373,800.5,254.0,0.013324
22,0.11,15,886,214,16,7,894.262,218.183,54.0,254.0,0.013324
22,0.11,16,61,141,121,40,121.91,158.075,4495.0,254.0,0.013324
22,0.11,17,638,159,9,27,642.697,172.491,176.5,254.0,0.013324
22,0.11,18,44,99,144,37,115.651,114.795,3500.5,254.0,0.013324
22,0.11,19,293,139,39,37,312.717,157.5,1321.0,254.0,0.013324
22,0.11,20,412,134,119,42,471.231,154.719,3843.0,254.0,0.013324
22,0.11,22,0,30,121,107,60.61,83.5,6306.0,254.0,0.013324
22,0.11,23,600,0,360,239,782.909,128.743,42575.0,254.0,0.013324
22,0.11,24,710,0,93,64,756.507,32.0,2989.5,254.0,0.013324
22,0.11,25,691,0,16,77,698.865,38.5,960.5,254.0,0.013324
22,0.11,26,236,0,392,183,431.974,91.348,41293.5,254.0,0.013324
22,0.11,27,210,0,19,84,219.598,42.0,1156.0,254.0,0.013324
22,0.11,28,98,0,111,71,153.512,35.474,3886.0,254.0,0.013324
22,0.11,29,73,523,129,17,137.692,531.215,1565.0,254.0,0.013324
22,0.11,31,297,316,18,5,306.221,319.491,51.0,254.0,0.013324
22,0.11,34,741,293,48,8,754.11,304.065,231.5,254.0,0.013324
22,0.11,35,82,250,57,6,111.521,252.863,257.0,254.0,0.013324
22,0.11,37,310,245,21,6,300.085,247.115,80.5,254.0,0.013324
22,0.11,38,814,37,18,11,842.788,32.3,62.0,254.0,0.013324
22,0.11,40,887,0,14,10,887.708,8.724,63.0,254.0,0.013324
22,0.11,42,676,0,5,19,678.118,14.996,61.0,254.0,0.013324
22,0.11,44,482,0,478,312,721.774,154.632,54427.5,254.0,0.013324
22,0.11,48,496,243,32,6,507.791,246.249,92.5,254.0,0.013324
22,0.11,50,676,290,19,5,690.511,308.488,50.0,254.0,0.013324
22,0.11,52,799,44,19,14,818.727,45.372,63.5,254.0,0.013324
22,0.11,53,67,318,35,6,109.735,319.631,103.5,254.0,0.013324
22,0.11,57,315,228,15,7,321.191,229.793,60.5,254.0,0.013324
22,0.11,59,677,231,222,55,788.367,258.5,6790.5,254.0,0.013324
22,0.11,60,115,319,28,6,162.972,354.264,91.0,254.0,0.013324
22,0.11,61,257,377,14,11,264.0,382.5,74.5,254.0,0.013324
22,0.11,62,14,442,10,11,19.0,447.5,58.5,254.0,0.013324
22,0.11,63,33,436,10,11,38.0,441.5,51.5,254.0,0.013324
22,0.11,64,746,68,29,17,760.5,76.5,93.0,254.0,0.013324
22,0.11,65,10,323,19,6,19.5,326.0,61.0,254.0,0.013324
23,0.115,1,46,432,105,58,112.5,471.745,1714.5,253.0,0.018321
23,0.115,2,452,374,499,166,701.091,457.897,52614.5,253.0,0.018321
23,0.115,3,486,369,10,18,490.615,377.989,132.0,253.0,0.018321
23,0.115,4,683,338,45,16,692.834,361.277,545.5,253.0,0.018321
23,0.115,5,0,342,207,57,103.887,370.647,10454.0,253.0,0.018321
23,0.115,6,290,368,28,22,310.798,369.153,270.5,253.0,0.018321
23,0.115,7,94,318,109,13,160.305,324.525,687.0,253.0,0.018321
23,0.115,8,722,304,238,81,827.775,344.392,11858.0,253.0,0.018321
23,0.115,9,909,302,16,17,916.636,310.685,177.0,253.0,0.018321
23,0.115,10,31,226,127,8,109.324,215.336,327.0,253.0,0.018321
23,0.115,11,539,218,37,5,555.179,231.081,102.5,253.0,0.018321
23,0.115,12,875,238,58,54,903.791,264.861,2270.5,253.0,0.018321
23,0.115,13,257,224,33,8,260.209,228.8,163.5,253.0,0.018321
23,0.115,14,194,246,106,8,251.725,256.492,548.5,253.0,0.018321
23,0.115,15,886,214,16,7,894.255,218.212,54.0,253.0,0.018321
23,0.115,16,61,142,120,39,121.666,158.87,4369.5,253.0,0.018321
23,0.115,17,641,164,4,19,642.798,172.779,53.0,253.0,0.018321
23,0.115,18,44,99,144,37,115.731,115.416,3429.5,253.0,0.018321
23,0.115,19,294,139,38,37,312.79,157.5,1269.5,253.0,0.018321
23,0.115,20,412,134,118,41,471.179,154.675,3777.5,253.0,0.018321
23,0.115,22,0,30,122,107,60.698,83.5,6268.0,253.0,0.018321
23,0.115,23,593,0,367,286,780.45,133.787,49590.5,253.0,0.018321
23,0.115,24,710,0,93,64,756.51,32.0,3055.5,253.0,0.018321
23,0.115,25,691,0,16,77,698.902,38.5,1065.0,253.0,0.018321
23,0.115,26,236,0,393,170,432.102,89.846,41079.0,253.0,0.018321
23,0.115,27,210,0,19,84,219.564,42.0,1153.0,253.0,0.018321
23,0.115,28,98,0,111,71,153.507,35.491,3883.0,253.0,0.018321
23,0.115,29,73,523,130,17,137.685,531.31,1511.5,253.0,0.018321
23,0.115,31,279,344,23,10,302.386,328.013,129.5,253.0,0.018321
23,0.115,34,748,292,52,9,760.389,301.678,258.5,253.0,0.018321
23,0.115,35,85,250,53,6,111.652,252.89,217.0,253.0,0.018321
23,0.115,37,311,245,21,6,309.713,247.095,74.0,253.0,0.018321
23,0.115,38,824,21,38,23,844.401,31.542,119.5,253.0,0.018321
23,0.115,40,887,0,14,10,889.917,7.532,63.0,253.0,0.018321
23,0.115,42,676,0,4,42,678.079,17.085,91.0,253.0,0.018321
23,0.115,44,482,0,478,312,721.848,153.922,54427.5,253.0,0.018321
23,0.115,48,496,243,32,6,508.426,246.239,92.5,253.0,0.018321
23,0.115,50,709,326,11,8,700.164,317.499,51.0,253.0,0.018321
23,0.115,52,750,51,59,32,793.498,59.31,164.5,253.0,0.018321
23,0.115,53,67,318,35,6,117.905,319.244,103.5,253.0,0.018321
23,0.115,57,315,228,15,7,317.297,228.135,60.5,253.0,0.018321
23,0.115,59,677,231,222,55,788.767,258.5,6790.5,253.0,0.018321
23,0.115,60,115,319,28,6,180.38,371.173,91.0,253.0,0.018321
23,0.115,61,251,341,18,10,260.114,347.042,67.0,253.0,0.018321
23,0.115,62,14,442,10,11,19.0,447.5,58.5,253.0,0.018321
23,0.115,63,33,436,10,11,38.0,441.5,51.5,253.0,0.018321
23,0.115,64,746,68,29,17,760.5,76.5,93.0,253.0,0.018321
23,0.115,65,10,323,19,6,19.5,326.0,61.0,253.0,0.018321
23,0.115,66,181,534,30,6,196.0,537.0,63.5,253.0,0.018321
23,0.115,67,163,188,68,44,197.0,210.0,1128.5,253.0,0.018321
24,0.12,1,0,430,258,110,116.663,475.034,19063.0,253.0,0.013325
24,0.12,2,451,373,500,167,701.07,457.4,54584.0,253.0,0.013325
24,0.12,3,484,368,13,20,490.595,377.982,213.0,253.0,0.013325
24,0.12,4,673,359,31,4,691.771,360.747,80.5,253.0,0.013325
24,0.12,5,0,341,209,59,104.034,370.616,10992.5,253.0,0.013325
24,0.12,6,250,339,146,55,313.835,368.543,5597.5,253.0,0.013325
24,0.12,7,136,318,66,14,162.897,324.701,544.5,253.0,0.013325
24,0.12,8,681,304,279,82,826.313,344.525,13632.5,253.0,0.013325
24,0.12,9,908,302,17,18,916.602,310.768,190.0,253.0,0.013325
24,0.12,10,0,187,233,50,110.635,214.869,2100.5,253.0,0.013325
24,0.12,11,486,242,90,7,549.048,234.568,285.0,253.0,0.013325
24,0.12,12,874,236,59,57,903.731,264.765,2465.0,253.0,0.013325
24,0.12,13,234,223,79,11,262.372,228.491,519.0,253.0,0.013325
24,0.12,14,193,245,140,9,253.731,255.462,818.5,253.0,0.013325
24,0.12,15,884,212,18,13,893.67,218.361,90.5,253.0,0.013325
24,0.12,16,61,141,121,40,121.592,159.426,4520.0,253.0,0.013325
24,0.12,17,637,159,11,28,642.714,172.822,220.0,253.0,0.013325
24,0.12,18,44,99,145,37,115.931,115.955,3492.0,253.0,0.013325
24,0.12,19,293,139,39,37,312.722,157.5,1313.0,253.0,0.013325
24,0.12,20,412,134,119,42,471.264,154.766,3861.5,253.0,0.013325
24,0.12,22,0,30,122,107,60.776,83.5,6313.5,253.0,0.013325
24,0.12,23,593,0,367,286,780.302,133.442,49590.5,253.0,0.013325
24,0.12,24,710,0,93,64,756.512,32.0,2996.0,253.0,0.013325
24,0.12,25,691,0,16,77,698.933,38.5,966.0,253.0,0.013325
24,0.12,26,236,0,392,183,432.081,90.251,41385.0,253.0,0.013325
24,0.12,27,210,0,19,84,219.536,42.0,1171.5,253.0,0.013325
24,0.12,28,98,0,111,71,153.503,35.504,3886.0,253.0,0.013325
24,0.12,29,73,523,130,17,137.493,531.293,1511.5,253.0,0.013325
24,0.12,31,269,316,47,7,300.241,325.196,129.0,253.0,0.013325
24,0.12,34,748,292,52,9,760.358,301.691,258.5,253.0,0.013325
24,0.12,35,81,250,58,6,111.348,252.914,260.0,253.0,0.013325
24,0.12,37,340,229,10,22,323.64,244.631,73.5,253.0,0.013325
24,0.12,38,824,21,38,23,846.843,30.216,119.5,253.0,0.013325
24,0.12,40,887,0,14,10,892.127,6.34,63.0,253.0,0.013325
24,0.12,42,676,0,4,42,678.088,16.855,91.0,253.0,0.013325
24,0.12,44,481,0,479,315,721.35,154.939,54444.5,253.0,0.013325
24,0.12,48,496,243,32,6,509.061,246.229,92.5,253.0,0.013325
24,0.12,50,672,290,26,4,696.218,310.33,68.0,253.0,0.013325
24,0.12,52,750,51,59,32,794.667,58.745,164.5,253.0,0.013325
24,0.12,53,24,317,90,11,88.49,321.256,481.5,253.0,0.013325
24,0.12,57,315,228,15,7,313.403,226.477,60.5,253.0,0.013325
24,0.12,59,677,231,222,55,789.168,258.5,6790.5,253.0,0.013325
24,0.12,60,115,319,28,6,197.788,388.081,91.0,253.0,0.013325
24,0.12,61,251,341,18,10,259.199,338.695,67.0,253.0,0.013325
24,0.12,62,14,442,10,11,19.0,447.5,58.5,253.0,0.013325
24,0.12,63,33,436,10,11,38.0,441.5,51.5,253.0,0.013325
24,0.12,64,746,68,29,17,760.5,76.5,93.0,253.0,0.013325
24,0.12,65,10,323,19,6,19.5,326.0,61.0,253.0,0.013325
24,0.12,66,181,534,30,6,196.0,537.0,63.5,253.0,0.013325
24,0.12,67,163,188,68,44,197.0,210.0,1128.5,253.0,0.013325
25,0.125,1,0,431,176,60,109.491,471.57,3689.5,253.0,0.015256
25,0.125,2,451,374,501,166,701.183,457.129,52814.0,253.0,0.015256
25,0.125,3,486,369,10,19,490.708,378.109,137.0,253.0,0.015256
25,0.125,4,673,359,31,4,691.863,360.128,80.5,253.0,0.015256
25,0.125,5,0,342,208,56,104.029,370.459,10498.5,253.0,0.015256
25,0.125,6,251,340,75,53,307.409,368.013,1855.0,253.0,0.015256
25,0.125,7,136,318,66,14,161.92,324.702,544.5,253.0,0.015256
25,0.125,8,682,304,278,81,825.14,344.51,12422.5,253.0,0.015256
25,0.125,9,908,302,16,17,916.443,310.707,152.0,253.0,0.015256
25,0.125,10,10,192,220,42,112.743,214.675,1526.0,253.0,0.015256
25,0.125,11,543,218,30,6,550.892,231.15,91.0,253.0,0.015256
25,0.125,12,874,237,59,55,903.677,264.684,2307.5,253.0,0.015256
25,0.125,13,239,224,55,8,262.534,228.132,269.0,253.0,0.015256
25,0.125,14,193,246,109,8,251.516,254.603,560.0,253.0,0.015256
25,0.125,15,884,212,18,13,893.59,218.405,90.5,253.0,0.015256
25,0.125,16,62,142,120,39,121.664,160.029,4401.5,253.0,0.015256
25,0.125,17,639,160,6,20,642.509,171.998,65.0,253.0,0.015256
25,0.125,18,44,99,144,37,115.969,116.412,3452.5,253.0,0.015256
25,0.125,19,294,139,38,37,312.793,157.5,1269.0,253.0,0.015256
25,0.125,20,412,134,118,41,471.206,154.712,3775.5,253.0,0.015256
25,0.125,22,0,30,121,107,60.711,83.5,6261.5,253.0,0.015256
25,0.125,23,602,0,358,238,780.492,127.476,43071.5,253.0,0.015256
25,0.125,24,710,0,93,64,756.513,32.0,3054.5,253.0,0.015256
25,0.125,25,691,0,16,77,698.958,38.5,1058.0,253.0,0.015256
25,0.125,26,236,0,392,174,432.062,89.421,41238.0,253.0,0.015256
25,0.125,27,210,0,19,84,219.514,42.0,1165.5,253.0,0.015256
25,0.125,28,98,0,111,71,153.5,35.513,3904.0,253.0,0.015256
25,0.125,29,72,522,139,18,138.98,531.165,1670.5,253.0,0.015256
25,0.125,31,269,316,47,7,300.986,324.505,129.0,253.0,0.015256
25,0.125,34,737,291,57,10,762.263,299.57,284.5,253.0,0.015256
25,0.125,35,85,250,53,6,111.467,252.935,216.0,253.0,0.015256
25,0.125,37,310,245,22,6,326.973,245.111,77.0,253.0,0.015256
25,0.125,38,837,16,37,21,851.771,27.934,148.5,253.0,0.015256
25,0.125,42,676,13,5,33,678.258,21.774,87.0,253.0,0.015256
25,0.125,44,481,0,479,315,721.354,154.44,54444.5,253.0,0.015256
25,0.125,48,496,243,32,6,509.696,246.219,92.5,253.0,0.015256
25,0.125,50,672,290,26,4,697.205,311.223,68.0,253.0,0.015256
25,0.125,52,758,38,74,40,795.406,58.088,232.5,253.0,0.015256
25,0.125,53,24,317,90,11,91.812,321.179,481.5,253.0,0.015256
25,0.125,57,315,228,15,7,309.509,224.819,60.5,253.0,0.015256
25,0.125,59,673,231,225,56,786.371,258.893,6889.5,253.0,0.015256
25,0.125,60,115,319,28,6,215.197,404.99,91.0,253.0,0.015256
25,0.125,61,251,341,18,10,258.285,330.348,67.0,253.0,0.015256
25,0.125,62,14,442,10,11,19.0,447.5,58.5,253.0,0.015256
25,0.125,63,62,485,14,8,68.115,487.644,51.5,253.0,0.015256
25,0.125,64,746,68,29,17,760.5,76.5,93.0,253.0,0.015256
25,0.125,65,10,323,19,6,19.5,326.0,61.0,253.0,0.015256
25,0.125,66,181,534,30,6,196.0,537.0,63.5,253.0,0.015256
25,0.125,67,163,188,68,44,197.0,210.0,1128.5,253.0,0.015256
26,0.13,1,0,430,259,110,114.219,474.881,19020.5,253.0,0.01536
26,0.13,2,451,373,500,167,701.147,456.793,54549.0,253.0,0.01536
26,0.13,3,484,368,13,20,490.672,378.087,211.0,253.0,0.01536
26,0.13,4,672,359,33,4,690.788,360.013,86.0,253.0,0.01536
26,0.13,5,0,341,209,60,104.156,370.586,10994.5,253.0,0.01536
26,0.13,6,250,339,145,55,310.826,367.564,5565.5,253.0,0.01536
26,0.13,7,143,317,61,14,165.95,324.423,486.0,253.0,0.01536
26,0.13,8,681,303,279,83,823.984,344.499,13529.0,253.0,0.01536
26,0.13,9,908,302,17,18,916.439,310.785,194.0,253.0,0.01536
26,0.13,10,0,188,232,48,113.533,214.207,2018.5,253.0,0.01536
26,0.13,11,539,242,36,5,552.267,234.387,116.0,253.0,0.01536
26,0.13,12,874,237,60,56,903.762,264.748,2478.5,253.0,0.01536
26,0.13,13,236,223,80,11,265.316,227.995,493.0,253.0,0.01536
26,0.13,14,224,261,38,4,248.548,257.191,80.0,253.0,0.01536
26,0.13,15,884,212,18,13,893.51,218.449,90.5,253.0,0.01536
26,0.13,16,61,141,121,40,121.599,160.4,4493.5,253.0,0.01536
26,0.13,17,637,160,10,26,642.349,172.177,175.5,253.0,0.01536
26,0.13,18,44,99,144,37,115.999,116.791,3475.5,253.0,0.01536
26,0.13,19,293,139,39,37,312.723,157.5,1311.5,253.0,0.01536
26,0.13,20,412,134,119,41,471.285,154.664,3840.5,253.0,0.01536
26,0.13,22,0,30,121,107,60.654,83.5,6299.0,253.0,0.01536
26,0.13,23,602,0,358,238,780.385,126.44,43071.5,253.0,0.01536
26,0.13,24,710,0,93,64,756.513,32.0,2989.5,253.0,0.01536
26,0.13,25,691,0,15,77,698.848,38.5,957.5,253.0,0.01536
26,0.13,26,236,0,392,183,432.046,89.892,41332.0,253.0,0.01536
26,0.13,27,211,0,18,84,219.628,42.0,1144.5,253.0,0.01536
26,0.13,28,98,0,111,70,153.498,35.388,3904.0,253.0,0.01536
26,0.13,29,72,522,139,18,138.994,531.134,1670.5,253.0,0.01536
26,0.13,31,282,316,38,5,301.48,321.983,110.0,253.0,0.01536
26,0.13,34,737,291,57,10,762.484,299.305,284.5,253.0,0.01536
26,0.13,35,81,250,58,6,111.163,252.953,258.5,253.0,0.01536
26,0.13,37,310,245,22,6,332.397,244.579,77.0,253.0,0.01536
26,0.13,38,837,16,37,21,854.518,26.491,148.5,253.0,0.01536
26,0.13,42,676,13,5,33,678.286,22.175,87.0,253.0,0.01536
26,0.13,44,484,0,476,315,721.615,155.364,54522.5,253.0,0.01536
26,0.13,48,510,243,20,6,516.96,246.066,54.0,253.0,0.01536
26,0.13,50,672,290,26,4,698.193,312.115,68.0,253.0,0.01536
26,0.13,52,758,38,74,40,796.529,57.513,232.5,253.0,0.01536
26,0.13,53,78,318,49,8,98.984,321.571,212.5,253.0,0.01536
26,0.13,57,193,245,140,9,269.656,245.386,773.5,253.0,0.01536
26,0.13,59,673,231,225,56,786.323,258.948,6889.5,253.0,0.01536
26,0.13,61,251,341,18,10,257.37,322.001,67.0,253.0,0.01536
26,0.13,62,14,442,10,11,19.0,447.5,58.5,253.0,0.01536
26,0.13,63,62,485,14,8,75.204,498.507,51.5,253.0,0.01536
26,0.13,64,746,68,29,17,760.5,76.5,93.0,253.0,0.01536
26,0.13,65,34,318,22,7,44.272,321.628,70.0,253.0,0.01536
26,0.13,66,181,534,30,6,196.0,537.0,63.5,253.0,0.01536
26,0.13,67,163,188,68,44,197.0,210.0,1128.5,253.0,0.01536
27,0.135,1,89,432,58,24,115.292,466.995,964.5,253.0,-0.164949
27,0.135,2,451,374,500,166,701.115,456.665,52564.5,253.0,-0.164949
27,0.135,3,485,369,11,19,490.639,378.198,134.5,253.0,-0.164949
27,0.135,4,672,359,33,4,690.722,359.462,86.0,253.0,-0.164949
27,0.135,5,0,342,208,56,104.132,370.435,10452.5,253.0,-0.164949
27,0.135,6,292,353,18,37,308.177,368.499,303.5,253.0,-0.164949
27,0.135,7,143,317,61,14,165.589,324.389,486.0,253.0,-0.164949
27,0.135,8,683,304,277,81,823.258,344.491,11893.0,253.0,-0.164949
27,0.135,9,909,302,15,18,916.438,310.851,174.0,253.0,-0.164949
27,0.135,10,24,188,206,46,117.087,213.514,1474.5,253.0,-0.164949
27,0.135,11,542,218,24,6,552.679,231.015,73.0,253.0,-0.164949
27,0.135,12,874,238,59,53,903.703,264.674,2326.5,253.0,-0.164949
27,0.135,13,258,225,37,7,267.905,227.913,187.0,253.0,-0.164949
27,0.135,14,194,246,102,8,246.666,255.926,535.5,253.0,-0.164949
27,0.135,15,884,212,18,13,893.43,218.493,90.5,253.0,-0.164949
27,0.135,16,62,142,119,39,121.548,160.827,4372.5,253.0,-0.164949
27,0.135,17,637,160,10,26,642.302,172.089,175.5,253.0,-0.164949
27,0.135,18,44,99,144,37,116.021,117.099,3429.5,253.0,-0.164949
27,0.135,19,294,139,38,37,312.794,157.5,1260.0,253.0,-0.164949
27,0.135,20,412,134,118,41,471.222,154.622,3772.5,253.0,-0.164949
27,0.135,22,0,30,121,107,60.607,83.5,6261.5,253.0,-0.164949
27,0.135,23,638,0,322,286,787.736,132.412,49431.5,253.0,-0.164949
27,0.135,24,710,0,93,64,756.512,32.0,3044.5,253.0,-0.164949
27,0.135,25,691,0,16,77,698.884,38.5,1047.0,253.0,-0.164949
27,0.135,26,236,0,392,170,432.033,88.602,41119.0,253.0,-0.164949
27,0.135,27,210,0,19,84,219.596,42.0,1148.5,253.0,-0.164949
27,0.135,28,98,0,111,70,153.496,35.282,3885.5,253.0,-0.164949
27,0.135,29,72,523,134,17,139.004,531.262,1611.0,253.0,-0.164949
27,0.135,31,251,341,14,9,288.384,328.686,57.0,253.0,-0.164949
27,0.135,34,740,293,59,8,765.345,298.248,281.5,253.0,-0.164949
27,0.135,35,86,250,52,6,111.417,252.968,197.0,253.0,-0.164949
27,0.135,37,311,245,20,6,332.136,245.383,73.5,253.0,-0.164949
27,0.135,38,785,37,47,26,837.82,34.998,151.5,253.0,-0.164949
27,0.135,42,675,0,6,24,678.189,18.359,61.0,253.0,-0.164949
27,0.135,44,484,0,476,315,721.651,155.04,54522.5,253.0,-0.164949
27,0.135,48,510,243,20,6,518.202,246.043,54.0,253.0,-0.164949
27,0.135,50,672,290,26,4,699.181,313.008,68.0,253.0,-0.164949
27,0.135,52,755,64,28,16,784.871,63.657,78.5,253.0,-0.164949
27,0.135,53,78,318,49,8,102.771,321.55,212.5,253.0,-0.164949
27,0.135,57,193,245,140,9,261.628,246.283,773.5,253.0,-0.164949
27,0.135,59,673,231,225,56,786.276,259.003,6889.5,253.0,-0.164949
27,0.135,61,251,341,18,10,256.455,313.655,67.0,253.0,-0.164949
27,0.135,62,0,434,24,15,12.093,441.58,80.0,253.0,-0.164949
27,0.135,63,46,433,80,52,84.969,473.009,735.5,253.0,-0.164949
27,0.135,65,34,318,22,7,50.103,320.599,70.0,253.0,-0.164949
27,0.135,66,181,534,30,6,196.0,537.0,63.5,253.0,-0.164949
27,0.135,67,163,188,68,44,197.0,210.0,1128.5,253.0,-0.164949
28,0.14,1,0,430,257,110,118.934,471.007,19042.5,253.0,0.015228
28,0.14,2,451,373,501,167,701.218,456.452,54613.0,253.0,0.015228
28,0.14,3,484,368,13,20,490.609,378.161,210.5,253.0,0.015228
28,0.14,4,667,359,37,5,688.751,359.868,96.0,253.0,0.015228
28,0.14,5,0,341,209,60,104.239,370.568,10964.0,253.0,0.015228
28,0.14,6,250,339,145,55,311.566,367.998,5603.0,253.0,0.015228
28,0.14,7,12,316,191,15,142.233,324.015,1208.0,253.0,0.015228
28,0.14,8,681,303,279,82,822.393,344.354,13526.5,253.0,0.015228
28,0.14,9,908,302,17,18,916.44,310.906,190.0,253.0,0.015228
28,0.14,10,0,187,233,50,117.348,213.168,2078.0,253.0,0.015228
28,0.14,11,486,242,97,7,547.929,234.553,286.0,253.0,0.015228
28,0.14,12,874,237,59,57,903.651,264.874,2455.0,253.0,0.015228
28,0.14,13,234,224,76,10,268.956,228.007,477.0,253.0,0.015228
28,0.14,14,224,261,71,4,249.004,258.163,150.0,253.0,0.015228
28,0.14,15,884,212,18,13,893.35,218.538,90.5,253.0,0.015228
28,0.14,16,61,141,121,41,121.508,161.169,4542.0,253.0,0.015228
28,0.14,17,637,159,10,28,642.171,172.328,202.0,253.0,0.015228
28,0.14,18,44,99,144,37,116.037,117.341,3503.5,253.0,0.015228
28,0.14,19,293,139,39,37,312.723,157.5,1297.0,253.0,0.015228
28,0.14,20,412,134,119,42,471.297,154.717,3876.0,253.0,0.015228
28,0.14,22,0,30,121,107,60.568,83.5,6315.0,253.0,0.015228
28,0.14,23,638,0,322,286,788.548,132.239,49431.5,253.0,0.015228
28,0.14,24,710,0,93,64,756.511,32.0,2983.5,253.0,0.015228
28,0.14,25,691,0,15,77,698.784,38.5,966.5,253.0,0.015228
28,0.14,26,236,0,392,183,432.021,89.21,41336.5,253.0,0.015228
28,0.14,27,210,0,20,84,219.699,42.0,1168.5,253.0,0.015228
28,0.14,28,98,0,111,71,153.495,35.323,3891.0,253.0,0.015228
28,0.14,29,72,523,134,17,139.017,531.25,1611.0,253.0,0.015228
28,0.14,31,277,316,43,6,290.527,325.921,134.0,253.0,0.015228
28,0.14,34,740,293,59,8,765.902,297.882,281.5,253.0,0.015228
28,0.14,35,81,249,58,7,111.104,252.849,256.0,253.0,0.015228
28,0.14,37,341,230,9,15,339.477,242.705,61.0,253.0,0.015228
28,0.14,38,785,37,47,26,838.175,34.779,151.5,253.0,0.015228
28,0.14,42,675,0,6,24,678.201,18.242,61.0,253.0,0.015228
28,0.14,44,481,0,479,314,721.214,155.626,55103.0,253.0,0.015228
28,0.14,48,510,243,20,6,519.445,246.02,54.0,253.0,0.015228
28,0.14,50,673,289,20,6,691.735,303.142,67.5,253.0,0.015228
28,0.14,52,755,64,28,16,784.572,63.829,78.5,253.0,0.015228
28,0.14,53,78,318,49,8,106.559,321.529,212.5,253.0,0.015228
28,0.14,57,193,240,142,14,259.529,247.077,795.5,253.0,0.015228
28,0.14,59,673,231,225,56,786.229,259.058,6889.5,253.0,0.015228
28,0.14,61,251,341,18,10,255.541,305.308,67.0,253.0,0.015228
28,0.14,62,0,434,24,15,10.972,440.619,80.0,253.0,0.015228
28,0.14,63,46,433,80,52,92.658,475.713,735.5,253.0,0.015228
28,0.14,65,34,318,22,7,55.935,319.57,70.0,253.0,0.015228
28,0.14,66,181,534,30,6,196.0,537.0,63.5,253.0,0.015228
28,0.14,67,163,188,68,44,197.0,210.0,1128.5,253.0,0.015228
29,0.145,1,0,431,174,60,111.14,468.232,3751.0,253.0,0.021386
29,0.145,2,451,374,500,166,701.174,456.428,52562.5,253.0,0.021386
29,0.145,3,485,369,10,18,490.452,378.127,133.5,253.0,0.021386
29,0.145,4,708,326,11,8,696.605,349.846,50.5,253.0,0.021386
29,0.145,5,0,342,208,57,104.198,370.552,10552.0,253.0,0.021386
29,0.145,6,251,340,74,49,305.469,367.047,1341.0,253.0,0.021386
29,0.145,7,12,316,191,15,139.037,323.939,1208.0,253.0,0.021386
29,0.145,8,683,304,277,81,821.943,344.37,12404.0,253.0,0.021386
29,0.145,9,909,302,16,18,916.575,310.949,176.0,253.0,0.021386
29,0.145,10,0,192,230,43,117.116,213.259,1588.0,253.0,0.021386
29,0.145,11,543,219,31,4,550.187,231.174,75.0,253.0,0.021386
29,0.145,12,873,238,61,54,903.608,264.916,2299.5,253.0,0.021386
29,0.145,13,237,224,57,9,268.139,227.983,282.0,253.0,0.021386
29,0.145,14,194,246,103,8,247.473,256.603,532.0,253.0,0.021386
29,0.145,15,884,212,18,13,893.27,218.582,90.5,253.0,0.021386
29,0.145,16,61,142,121,39,121.478,161.434,4411.0,253.0,0.021386
29,0.145,17,639,162,7,24,642.23,172.805,96.0,253.0,0.021386
29,0.145,18,44,99,144,37,116.047,117.527,3447.5,253.0,0.021386
29,0.145,19,294,139,38,37,312.793,157.5,1271.0,253.0,0.021386
29,0.145,20,412,134,118,41,471.229,154.668,3781.0,253.0,0.021386
29,0.145,22,0,30,121,107,60.536,83.5,6267.0,253.0,0.021386
29,0.145,23,603,0,357,287,786.23,136.62,49869.5,253.0,0.021386
29,0.145,24,710,0,93,64,756.51,32.0,3054.5,253.0,0.021386
29,0.145,25,691,0,16,77,698.83,38.5,1045.0,253.0,0.021386
29,0.145,26,236,0,392,183,432.012,89.747,41249.5,253.0,0.021386
29,0.145,27,210,0,19,84,219.656,42.0,1168.0,253.0,0.021386
29,0.145,28,98,0,111,71,153.495,35.36,3896.5,253.0,0.021386
29,0.145,29,71,523,145,17,140.811,531.343,1821.0,253.0,0.021386
29,0.145,31,260,361,20,11,284.282,337.054,96.0,253.0,0.021386
29,0.145,34,742,293,50,8,766.673,297.312,270.5,253.0,0.021386
29,0.145,35,87,250,51,6,111.485,252.879,200.5,253.0,0.021386
29,0.145,37,310,245,21,6,337.512,243.772,78.0,253.0,0.021386
29,0.145,38,868,5,24,14,855.049,25.573,72.5,253.0,0.021386
29,0.145,42,674,0,7,48,677.93,20.465,158.0,253.0,0.021386
29,0.145,44,481,0,479,314,721.191,155.414,55103.0,253.0,0.021386
29,0.145,48,510,243,20,6,520.688,245.997,54.0,253.0,0.021386
29,0.145,50,673,289,20,6,691.703,302.735,67.5,253.0,0.021386
29,0.145,52,751,46,66,36,784.16,64.001,212.0,253.0,0.021386
29,0.145,53,78,318,49,8,110.346,321.509,212.5,253.0,0.021386
29,0.145,57,193,240,142,14,252.141,247.963,795.5,253.0,0.021386
29,0.145,59,673,231,225,56,786.181,259.113,6889.5,253.0,0.021386
29,0.145,62,0,434,24,15,9.851,439.658,80.0,253.0,0.021386
29,0.145,63,46,433,80,52,100.348,478.418,735.5,253.0,0.021386
29,0.145,65,34,318,22,7,61.766,318.541,70.0,253.0,0.021386
29,0.145,68,171,449,24,10,183.0,454.0,73.0,253.0,0.021386
29,0.145,69,251,361,17,32,259.5,377.0,197.0,253.0,0.021386
30,0.15,1,0,430,256,110,115.176,472.181,19036.5,253.0,0.02087
30,0.15,2,450,373,501,167,701.004,456.301,54575.0,253.0,0.02087
30,0.15,3,484,368,13,20,490.449,378.097,214.5,253.0,0.02087
30,0.15,4,673,359,32,4,694.856,352.007,77.0,253.0,0.02087
30,0.15,5,0,341,208,60,104.16,370.669,10965.5,253.0,0.02087
30,0.15,6,250,339,145,55,309.315,366.769,5574.5,253.0,0.02087
30,0.15,7,94,318,110,13,141.082,324.117,691.5,253.0,0.02087
30,0.15,8,680,303,280,83,821.201,344.387,13572.5,253.0,0.02087
30,0.15,9,908,302,17,18,916.56,310.984,190.0,253.0,0.02087
30,0.15,10,0,188,232,48,117.124,212.944,2029.5,253.0,0.02087
30,0.15,11,490,242,101,7,547.464,234.699,281.0,253.0,0.02087
30,0.15,12,874,237,59,56,903.571,264.949,2482.5,253.0,0.02087
30,0.15,13,234,223,95,12,271.634,228.116,567.0,253.0,0.02087
30,0.15,14,193,245,139,9,250.712,255.065,770.0,253.0,0.02087
30,0.15,16,61,141,121,40,121.457,161.502,4504.5,253.0,0.02087
30,0.15,17,637,159,10,27,642.134,172.738,193.5,253.0,0.02087
30,0.15,18,44,99,144,37,116.052,117.662,3483.5,253.0,0.02087
30,0.15,19,293,139,39,37,312.722,157.5,1314.5,253.0,0.02087
30,0.15,20,412,134,118,42,471.171,154.755,3847.5,253.0,0.02087
30,0.15,22,0,30,122,107,60.642,83.5,6311.5,253.0,0.02087
30,0.15,23,603,0,357,287,786.657,137.009,49869.5,253.0,0.02087
30,0.15,24,710,0,93,64,756.509,32.0,3006.5,253.0,0.02087
30,0.15,25,691,0,15,77,698.74,38.5,975.5,253.0,0.02087
30,0.15,26,236,0,392,183,432.005,90.212,41287.5,253.0,0.02087
30,0.15,27,210,0,19,84,219.619,42.0,1160.5,253.0,0.02087
30,0.15,28,98,0,111,70,153.494,35.262,3883.5,253.0,0.02087
30,0.15,29,71,523,145,17,141.043,531.344,1821.0,253.0,0.02087
30,0.15,31,271,316,49,6,286.26,333.087,146.0,253.0,0.02087
30,0.15,34,742,293,50,8,767.257,296.921,270.5,253.0,0.02087
30,0.15,35,82,250,57,6,111.282,252.906,243.0,253.0,0.02087
30,0.15,37,310,245,21,6,341.562,243.344,78.0,253.0,0.02087
30,0.15,38,868,5,24,14,857.44,24.247,72.5,253.0,0.02087
30,0.15,42,674,0,7,48,677.907,20.635,158.0,253.0,0.02087
30,0.15,44,481,0,479,315,720.903,156.117,54211.5,253.0,0.02087
30,0.15,48,510,243,20,6,521.931,245.974,54.0,253.0,0.02087
30,0.15,50,672,289,24,6,688.262,297.737,78.0,253.0,0.02087
30,0.15,52,751,46,66,36,783.848,64.173,212.0,253.0,0.02087
30,0.15,53,76,318,14,8,96.219,321.783,55.0,253.0,0.02087
30,0.15,57,253,261,36,4,257.121,255.517,78.0,253.0,0.02087
30,0.15,59,673,231,225,56,786.134,259.168,6889.5,253.0,0.02087
30,0.15,62,0,434,24,15,8.73,438.697,80.0,253.0,0.02087
30,0.15,63,46,433,80,52,108.037,481.122,735.5,253.0,0.02087
30,0.15,65,17,316,56,11,48.398,320.9,269.0,253.0,0.02087
30,0.15,68,171,449,24,10,183.0,454.0,73.0,253.0,0.02087
30,0.15,69,251,361,17,32,259.5,377.0,197.0,253.0,0.02087
31,0.155,1,46,439,88,51,108.715,470.229,771.0,253.0,0.013093
31,0.155,2,451,374,500,166,700.99,456.346,52672.5,253.0,0.013093
31,0.155,3,486,369,10,18,490.58,378.072,135.5,253.0,0.013093
31,0.155,4,673,359,32,4,695.278,350.834,77.0,253.0,0.013093
31,0.155,5,0,342,208,56,104.126,370.506,10495.5,253.0,0.013093
31,0.155,6,292,356,27,29,308.217,367.6,326.0,253.0,0.013093
31,0.155,7,94,318,110,13,138.533,324.073,691.5,253.0,0.013093
31,0.155,8,683,304,277,81,821.0,344.404,12345.5,253.0,0.013093
31,0.155,9,909,302,15,17,916.546,310.879,147.5,253.0,0.013093
31,0.155,10,88,250,50,6,116.303,223.394,199.5,253.0,0.013093
31,0.155,11,545,219,24,5,549.502,231.438,70.0,253.0,0.013093
31,0.155,12,874,238,59,54,903.541,264.976,2300.5,253.0,0.013093
31,0.155,13,239,224,56,8,270.789,227.986,251.5,253.0,0.013093
31,0.155,14,194,246,103,8,249.112,253.847,546.0,253.0,0.013093
31,0.155,16,62,142,119,39,121.443,161.663,4366.0,253.0,0.013093
31,0.155,17,637,159,10,27,642.084,172.754,193.5,253.0,0.013093
31,0.155,18,44,99,144,37,116.054,117.757,3432.5,253.0,0.013093
31,0.155,19,294,139,38,37,312.792,157.5,1256.0,253.0,0.013093
31,0.155,20,412,134,118,41,471.121,154.699,3775.5,253.0,0.013093
31,0.155,22,0,30,121,107,60.604,83.5,6261.5,253.0,0.013093
31,0.155,23,613,0,347,286,786.851,139.629,49576.0,253.0,0.013093
31,0.155,24,710,0,93,64,756.508,32.0,3044.5,253.0,0.013093
31,0.155,25,691,0,16,77,698.795,38.5,1048.0,253.0,0.013093
31,0.155,26,236,0,392,183,431.999,90.604,41182.5,253.0,0.013093
31,0.155,27,210,0,19,84,219.586,42.0,1144.0,253.0,0.013093
31,0.155,28,98,0,111,70,153.495,35.179,3887.5,253.0,0.013093
31,0.155,29,72,524,138,16,141.166,531.606,1602.0,253.0,0.013093
31,0.155,31,288,340,12,12,287.608,336.939,88.0,253.0,0.013093
31,0.155,34,744,292,52,9,768.699,296.518,254.0,253.0,0.013093
31,0.155,35,0,226,159,8,102.996,246.915,391.0,253.0,0.013093
31,0.155,37,315,245,16,6,337.939,244.641,62.0,253.0,0.013093
31,0.155,38,868,5,24,14,859.831,22.92,72.5,253.0,0.013093
31,0.155,42,675,0,6,57,677.931,23.87,151.0,253.0,0.013093
31,0.155,44,481,0,479,315,720.847,156.017,54211.5,253.0,0.013093
31,0.155,48,510,243,20,6,523.174,245.951,54.0,253.0,0.013093
31,0.155,50,672,289,24,6,687.83,296.79,78.0,253.0,0.013093
31,0.155,52,769,44,50,29,787.769,61.981,152.0,253.0,0.013093
31,0.155,53,76,318,14,8,98.049,321.794,55.0,253.0,0.013093
31,0.155,57,253,261,36,4,251.094,257.137,78.0,253.0,0.013093
31,0.155,62,8,433,35,19,21.671,441.48,158.0,253.0,0.013093
31,0.155,63,65,432,102,27,115.938,454.168,952.0,253.0,0.013093
31,0.155,65,17,316,56,11,51.022,320.437,269.0,253.0,0.013093
31,0.155,68,171,449,24,10,183.0,454.0,73.0,253.0,0.013093
31,0.155,69,250,341,21,11,260.409,349.271,160.5,253.0,0.013093
31,0.155,70,0,449,19,20,9.5,459.0,111.0,253.0,0.013093
31,0.155,71,163,188,67,44,196.5,210.0,1110.0,253.0,0.013093
31,0.155,72,741,73,26,15,754.0,80.5,74.0,253.0,0.013093
32,0.16,1,0,431,259,109,113.55,474.058,19032.5,253.0,0.013829
32,0.16,2,451,373,500,167,700.98,456.273,54570.5,253.0,0.013829
32,0.16,3,484,368,13,20,490.562,378.05,210.5,253.0,0.013829
32,0.16,4,672,359,32,4,693.064,353.543,70.5,253.0,0.013829
32,0.16,5,0,341,209,59,104.227,370.498,10937.5,253.0,0.013829
32,0.16,6,250,339,145,55,311.747,367.279,5578.5,253.0,0.013829
32,0.16,7,0,316,203,15,122.251,323.818,1341.5,253.0,0.013829
32,0.16,8,681,304,279,82,820.609,344.551,13495.0,253.0,0.013829
32,0.16,9,909,302,16,18,916.665,310.918,184.5,253.0,0.013829
32,0.16,10,0,187,231,50,116.223,221.531,2066.0,253.0,0.013829
32,0.16,11,485,242,92,7,544.494,234.926,279.0,253.0,0.013829
32,0.16,12,875,237,58,56,903.649,264.997,2448.0,253.0,0.013829
32,0.16,13,234,223,77,11,271.462,228.021,506.0,253.0,0.013829
32,0.16,14,193,245,139,9,252.237,252.668,778.0,253.0,0.013829
32,0.16,16,61,141,121,40,121.435,161.645,4542.0,253.0,0.013829
32,0.16,17,636,155,12,32,642.023,172.171,238.5,253.0,0.013829
32,0.16,18,44,99,144,37,116.054,117.816,3490.5,253.0,0.013829
32,0.16,19,293,139,39,37,312.72,157.5,1307.0,253.0,0.013829
32,0.16,20,412,134,118,41,471.079,154.649,3845.5,253.0,0.013829
32,0.16,22,0,30,121,107,60.571,83.5,6307.5,253.0,0.013829
32,0.16,23,613,0,347,286,787.249,140.293,49576.0,253.0,0.013829
32,0.16,24,710,0,93,64,756.507,32.0,3005.5,253.0,0.013829
32,0.16,25,691,0,16,77,698.844,38.5,964.5,253.0,0.013829
32,0.16,26,236,0,392,183,431.995,90.928,41348.5,253.0,0.013829
32,0.16,27,210,0,20,84,219.69,42.0,1157.5,253.0,0.013829
32,0.16,28,98,0,111,71,153.495,35.242,3894.0,253.0,0.013829
32,0.16,29,72,524,138,16,141.385,531.64,1602.0,253.0,0.013829
32,0.16,31,276,316,38,7,289.087,333.076,137.0,253.0,0.013829
32,0.16,34,744,292,52,9,769.389,296.125,254.0,253.0,0.013829
32,0.16,35,82,249,56,7,103.947,247.723,249.5,253.0,0.013829
32,0.16,37,340,230,10,22,342.197,243.381,75.5,253.0,0.013829
32,0.16,38,868,5,24,14,862.222,21.593,72.5,253.0,0.013829
32,0.16,42,675,0,6,57,677.914,24.419,151.0,253.0,0.013829
32,0.16,44,480,0,480,314,720.477,156.349,54395.0,253.0,0.013829
32,0.16,50,671,289,21,6,684.927,294.233,87.0,253.0,0.013829
32,0.16,52,769,44,50,29,787.968,61.868,152.0,253.0,0.013829
32,0.16,53,76,318,14,8,99.878,321.806,55.0,253.0,0.013829
32,0.16,57,258,260,36,4,258.315,260.145,76.0,253.0,0.013829
32,0.16,62,8,433,35,19,22.519,441.044,158.0,253.0,0.013829
32,0.16,63,65,432,102,27,123.659,452.4,952.0,253.0,0.013829
32,0.16,65,17,316,56,11,53.645,319.974,269.0,253.0,0.013829
32,0.16,68,171,449,24,10,183.0,454.0,73.0,253.0,0.013829
32,0.16,69,250,341,21,11,260.773,338.181,160.5,253.0,0.013829
32,0.16,70,0,449,19,20,9.5,459.0,111.0,253.0,0.013829
32,0.16,71,163,188,67,44,196.5,210.0,1110.0,253.0,0.013829
32,0.16,72,741,73,26,15,754.0,80.5,74.0,253.0,0.013829
32,0.16,73,317,228,12,7,323.0,231.5,53.5,253.0,0.013829
32,0.16,74,885,212,17,14,893.5,219.0,104.0,253.0,0.013829
33,0.165,1,45,432,94,59,107.931,471.052,2121.0,253.0,0.013303
33,0.165,2,451,390,500,150,700.973,458.45,52076.0,253.0,0.013303
33,0.165,3,485,369,10,18,490.415,378.032,130.5,253.0,0.013303
33,0.165,4,682,338,46,16,696.82,350.75,538.0,253.0,0.013303
33,0.165,5,0,342,207,56,104.05,370.361,10513.0,253.0,0.013303
33,0.165,6,288,340,26,46,309.146,366.097,645.5,253.0,0.013303
33,0.165,7,0,316,203,15,118.008,323.748,1341.5,253.0,0.013303
33,0.165,8,722,304,238,81,825.676,344.546,11369.0,253.0,0.013303
33,0.165,9,909,302,15,18,916.635,310.949,168.0,253.0,0.013303
33,0.165,10,0,192,230,42,116.005,220.051,1551.5,253.0,0.013303
33,0.165,11,545,218,24,5,547.078,231.37,57.5,253.0,0.013303
33,0.165,12,874,237,59,55,903.611,264.881,2270.0,253.0,0.013303
33,0.165,13,239,224,54,8,270.297,227.935,259.0,253.0,0.013303
33,0.165,14,194,246,102,8,250.364,251.806,535.5,253.0,0.013303
33,0.165,16,62,142,120,39,121.562,161.738,4401.5,253.0,0.013303
33,0.165,17,636,155,12,32,641.971,172.105,238.5,253.0,0.013303
33,0.165,18,44,99,144,37,116.051,117.848,3441.5,253.0,0.013303
33,0.165,19,294,139,38,37,312.79,157.5,1253.0,253.0,0.013303
33,0.165,20,412,134,118,41,471.046,154.607,3779.0,253.0,0.013303
33,0.165,22,0,30,122,107,60.675,83.5,6267.5,253.0,0.013303
33,0.165,23,600,0,360,238,784.602,132.213,42560.5,253.0,0.013303
33,0.165,24,710,0,93,64,756.506,32.0,3051.5,253.0,0.013303
33,0.165,25,691,0,16,77,698.885,38.5,1045.0,253.0,0.013303
33,0.165,26,236,0,392,170,431.992,89.491,41132.0,253.0,0.013303
33,0.165,27,210,0,19,84,219.647,42.0,1160.5,253.0,0.013303
33,0.165,28,98,0,111,71,153.495,35.299,3887.0,253.0,0.013303
33,0.165,29,74,523,134,17,141.364,531.604,1621.5,253.0,0.013303
33,0.165,31,252,341,12,16,280.652,337.499,68.0,253.0,0.013303
33,0.165,34,740,293,53,8,768.656,296.237,245.5,253.0,0.013303
33,0.165,35,86,250,52,6,105.406,248.635,201.5,253.0,0.013303
33,0.165,37,308,245,23,6,337.842,244.485,84.5,253.0,0.013303
33,0.165,38,863,14,13,9,867.141,19.353,52.0,253.0,0.013303
33,0.165,42,675,0,5,32,677.739,21.397,68.0,253.0,0.013303
33,0.165,44,480,0,480,314,720.383,156.302,54395.0,253.0,0.013303
33,0.165,50,671,289,21,6,684.203,293.097,87.0,253.0,0.013303
33,0.165,52,769,44,50,29,788.167,61.755,152.0,253.0,0.013303
33,0.165,53,76,318,14,8,101.708,321.817,55.0,253.0,0.013303
33,0.165,57,258,260,36,4,253.811,261.924,76.0,253.0,0.013303
33,0.165,62,8,433,35,19,23.367,440.607,158.0,253.0,0.013303
33,0.165,63,141,435,10,15,139.857,445.917,55.0,253.0,0.013303
33,0.165,65,17,316,56,11,56.269,319.511,269.0,253.0,0.013303
33,0.165,68,171,449,24,10,183.0,454.0,73.0,253.0,0.013303
33,0.165,69,252,373,9,13,257.333,370.082,53.0,253.0,0.013303
33,0.165,70,0,449,19,20,9.5,459.0,111.0,253.0,0.013303
33,0.165,71,163,188,67,44,196.5,210.0,1110.0,253.0,0.013303
33,0.165,72,741,73,26,15,754.0,80.5,74.0,253.0,0.013303
33,0.165,73,317,228,12,7,323.0,231.5,53.5,253.0,0.013303
33,0.165,74,885,212,17,14,893.5,219.0,104.0,253.0,0.013303
33,0.165,75,668,374,43,16,689.5,382.0,467.0,253.0,0.013303
33,0.165,76,674,231,224,55,786.0,258.5,6790.5,253.0,0.013303
33,0.165,77,830,26,23,13,841.5,32.5,79.5,253.0,0.013303
34,0.17,1,0,430,258,110,112.84,474.608,18999.0,253.0,0.016909
34,0.17,2,451,373,500,167,700.969,458.088,54505.5,253.0,0.016909
34,0.17,3,484,368,13,20,490.422,378.017,204.5,253.0,0.016909
34,0.17,4,667,359,37,5,693.928,353.209,95.5,253.0,0.016909
34,0.17,5,0,341,208,60,104.029,370.507,10989.5,253.0,0.016909
34,0.17,6,250,339,146,55,312.663,366.02,5567.5,253.0,0.016909
34,0.17,7,13,316,192,15,111.868,323.607,1392.5,253.0,0.016909
34,0.17,8,722,304,238,81,826.116,344.555,11369.0,253.0,0.016909
34,0.17,9,909,302,16,18,916.739,310.975,188.5,253.0,0.016909
34,0.17,10,0,187,232,49,116.068,218.294,2005.5,253.0,0.016909
34,0.17,11,535,242,49,6,550.02,234.732,160.0,253.0,0.016909
34,0.17,12,874,237,59,57,903.578,265.043,2501.5,253.0,0.016909
34,0.17,13,234,223,94,12,273.195,228.135,585.5,253.0,0.016909
34,0.17,14,193,245,140,9,253.479,250.97,775.0,253.0,0.016909
34,0.17,16,61,141,121,40,121.542,161.667,4491.5,253.0,0.016909
34,0.17,17,638,159,10,27,642.32,172.209,205.5,253.0,0.016909
34,0.17,18,44,99,144,37,116.048,117.858,3477.5,253.0,0.016909
34,0.17,19,293,139,39,37,312.719,157.5,1324.5,253.0,0.016909
34,0.17,20,411,134,120,42,471.019,154.702,3849.5,253.0,0.016909
34,0.17,22,0,30,121,107,60.634,83.5,6302.5,253.0,0.016909
34,0.17,23,600,0,360,238,784.624,131.799,42560.5,253.0,0.016909
34,0.17,24,710,0,93,64,756.505,32.0,3013.5,253.0,0.016909
34,0.17,25,691,0,16,77,698.921,38.5,981.0,253.0,0.016909
34,0.17,26,236,0,392,183,431.991,89.955,41325.0,253.0,0.016909
34,0.17,27,210,0,19,84,219.61,42.0,1157.0,253.0,0.016909
34,0.17,28,99,0,110,71,153.626,35.348,3884.0,253.0,0.016909
34,0.17,29,74,523,134,17,141.553,531.63,1621.5,253.0,0.016909
34,0.17,31,279,316,43,6,284.742,333.314,147.0,253.0,0.016909
34,0.17,34,740,293,53,8,769.171,295.906,245.5,253.0,0.016909
34,0.17,35,82,250,57,6,106.345,249.476,245.0,253.0,0.016909
34,0.17,37,340,230,10,14,341.38,242.297,50.5,253.0,0.016909
34,0.17,38,863,14,13,9,869.82,17.922,52.0,253.0,0.016909
34,0.17,42,675,0,5,32,677.703,21.505,68.0,253.0,0.016909
34,0.17,44,482,0,478,386,720.572,170.888,68275.5,253.0,0.016909
34,0.17,50,673,289,18,6,682.879,291.976,61.0,253.0,0.016909
34,0.17,52,769,44,50,29,788.366,61.642,152.0,253.0,0.016909
34,0.17,53,76,318,14,8,103.538,321.828,55.0,253.0,0.016909
34,0.17,57,228,261,66,4,254.102,263.415,138.0,253.0,0.016909
34,0.17,62,8,433,35,19,24.215,440.171,158.0,253.0,0.016909
34,0.17,63,141,435,10,15,148.716,443.516,55.0,253.0,0.016909
34,0.17,65,17,316,56,11,58.893,319.048,269.0,253.0,0.016909
34,0.17,68,171,449,24,10,183.0,454.0,73.0,253.0,0.016909
34,0.17,69,252,373,9,13,256.478,372.772,53.0,253.0,0.016909
34,0.17,70,0,449,19,20,9.5,459.0,111.0,253.0,0.016909
34,0.17,71,163,188,67,44,196.5,210.0,1110.0,253.0,0.016909
34,0.17,72,741,73,26,15,754.0,80.5,74.0,253.0,0.016909
34,0.17,73,317,228,12,7,323.0,231.5,53.5,253.0,0.016909
34,0.17,74,887,212,15,14,894.409,219.0,83.0,253.0,0.016909
34,0.17,75,668,374,43,16,689.5,382.0,467.0,253.0,0.016909
34,0.17,76,674,231,224,55,786.0,258.5,6790.5,253.0,0.016909
34,0.17,77,830,26,23,13,841.5,32.5,79.5,253.0,0.016909
34,0.17,78,484,243,46,6,507.0,246.0,147.0,253.0,0.016909
35,0.175,1,46,432,109,58,109.638,471.36,1977.5,253.0,0.019515
35,0.175,2,451,374,501,166,701.098,457.89,52512.0,253.0,0.019515
35,0.175,3,485,369,11,18,490.43,378.006,140.5,253.0,0.019515
35,0.175,4,667,359,37,5,694.022,352.732,95.5,253.0,0.019515
35,0.175,5,0,342,208,56,104.013,370.373,10498.0,253.0,0.019515
35,0.175,6,291,358,30,32,311.215,367.942,393.5,253.0,0.019515
35,0.175,7,13,316,192,15,107.39,323.528,1392.5,253.0,0.019515
35,0.175,8,683,304,277,81,824.926,344.544,12393.5,253.0,0.019515
35,0.175,9,909,302,15,18,916.694,310.995,173.0,253.0,0.019515
35,0.175,10,24,188,206,45,118.986,216.474,1452.0,253.0,0.019515
35,0.175,11,540,218,36,5,552.165,231.205,100.0,253.0,0.019515
35,0.175,12,874,238,59,54,903.551,265.049,2307.0,253.0,0.019515
35,0.175,13,258,224,33,8,273.935,228.055,166.5,253.0,0.019515
35,0.175,14,193,246,103,8,251.311,250.426,537.0,253.0,0.019515
35,0.175,16,62,142,120,39,121.657,161.719,4389.5,253.0,0.019515
35,0.175,17,640,162,5,15,642.38,171.293,53.5,253.0,0.019515
35,0.175,18,44,99,144,37,116.043,117.852,3431.5,253.0,0.019515
35,0.175,19,294,139,38,37,312.788,157.5,1254.0,253.0,0.019515
35,0.175,20,412,134,118,41,470.999,154.654,3777.5,253.0,0.019515
35,0.175,22,0,30,121,107,60.598,83.5,6262.0,253.0,0.019515
35,0.175,23,604,0,356,239,783.592,126.652,42787.0,253.0,0.019515
35,0.175,24,710,0,93,64,756.504,32.0,3056.5,253.0,0.019515
35,0.175,25,691,0,16,77,698.95,38.5,1046.0,253.0,0.019515
35,0.175,26,236,0,392,163,431.99,87.744,41069.0,253.0,0.019515
35,0.175,27,210,0,19,84,219.579,42.0,1150.0,253.0,0.019515
35,0.175,28,98,0,111,70,153.607,35.26,3878.5,253.0,0.019515
35,0.175,29,73,523,141,17,142.442,531.593,1584.5,253.0,0.019515
35,0.175,31,279,316,43,6,284.043,333.478,147.0,253.0,0.019515
35,0.175,34,750,293,43,8,770.407,296.142,229.0,253.0,0.019515
35,0.175,35,85,250,53,6,107.459,250.232,211.5,253.0,0.019515
35,0.175,37,315,245,16,6,338.091,243.535,63.0,253.0,0.019515
35,0.175,38,849,14,29,17,868.435,19.205,106.5,253.0,0.019515
35,0.175,42,675,0,6,33,677.799,19.577,109.0,253.0,0.019515
35,0.175,44,482,0,478,386,720.513,172.647,68275.5,253.0,0.019515
35,0.175,50,673,289,18,6,682.083,290.841,61.0,253.0,0.019515
35,0.175,52,752,53,50,29,782.553,64.633,154.5,253.0,0.019515
35,0.175,53,76,318,14,8,105.368,321.84,55.0,253.0,0.019515
35,0.175,57,228,261,66,4,250.171,265.159,138.0,253.0,0.019515
35,0.175,62,8,433,35,19,25.063,439.734,158.0,253.0,0.019515
35,0.175,63,141,435,10,15,157.576,441.114,55.0,253.0,0.019515
35,0.175,65,17,316,56,11,61.516,318.585,269.0,253.0,0.019515
35,0.175,69,252,373,9,13,255.622,375.462,53.0,253.0,0.019515
35,0.175,70,0,449,19,20,9.5,459.0,111.0,253.0,0.019515
35,0.175,71,163,188,67,44,196.5,210.0,1110.0,253.0,0.019515
35,0.175,72,741,73,26,15,754.0,80.5,74.0,253.0,0.019515
35,0.175,73,317,228,12,7,323.0,231.5,53.5,253.0,0.019515
35,0.175,74,887,212,15,14,894.773,219.0,83.0,253.0,0.019515
35,0.175,75,668,374,43,16,689.5,382.0,467.0,253.0,0.019515
35,0.175,76,673,231,226,55,786.0,258.5,6913.0,253.0,0.019515
35,0.175,77,807,42,16,10,817.408,45.683,59.0,253.0,0.019515
35,0.175,78,484,243,46,6,507.0,246.0,147.0,253.0,0.019515
36,0.18,1,0,430,259,110,114.501,474.836,19021.0,253.0,0.024383
36,0.18,2,451,373,500,167,701.078,457.579,54535.5,253.0,0.024383
36,0.18,3,484,368,13,20,490.438,377.997,207.0,253.0,0.024383
36,0.18,4,667,359,37,5,691.201,355.381,95.0,253.0,0.024383
36,0.18,5,0,341,209,60,104.131,370.521,11024.5,253.0,0.024383
36,0.18,6,250,339,145,55,314.257,367.634,5563.5,253.0,0.024383
36,0.18,7,0,316,205,16,102.749,323.668,1714.5,253.0,0.024383
36,0.18,8,682,304,278,82,823.89,344.685,13545.0,253.0,0.024383
36,0.18,9,908,302,17,18,916.654,311.009,190.5,253.0,0.024383
36,0.18,10,0,187,233,49,118.705,215.162,2028.5,253.0,0.024383
36,0.18,11,482,242,110,7,548.484,234.723,338.5,253.0,0.024383
36,0.18,12,874,237,59,56,903.529,265.052,2473.5,253.0,0.024383
36,0.18,13,234,223,94,12,276.203,228.255,639.0,253.0,0.024383
36,0.18,14,192,245,141,9,254.152,249.878,799.5,253.0,0.024383
36,0.18,16,61,141,121,40,121.624,161.619,4524.5,253.0,0.024383
36,0.18,17,638,160,10,27,642.573,171.845,187.0,253.0,0.024383
36,0.18,18,44,99,144,37,116.038,117.834,3499.5,253.0,0.024383
36,0.18,19,293,139,39,37,312.717,157.5,1316.5,253.0,0.024383
36,0.18,20,412,134,118,42,470.984,154.742,3848.0,253.0,0.024383
36,0.18,22,0,30,121,107,60.568,83.5,6304.0,253.0,0.024383
36,0.18,23,604,0,356,239,783.485,125.654,42787.0,253.0,0.024383
36,0.18,24,710,0,93,64,756.503,32.0,3008.5,253.0,0.024383
36,0.18,25,692,0,14,77,698.973,38.5,947.0,253.0,0.024383
36,0.18,26,236,0,392,183,431.989,88.484,41356.5,253.0,0.024383
36,0.18,27,210,0,19,84,219.553,42.0,1156.5,253.0,0.024383
36,0.18,28,98,0,111,71,153.588,35.315,3893.0,253.0,0.024383
36,0.18,29,73,523,141,17,142.718,531.611,1584.5,253.0,0.024383
36,0.18,31,271,316,45,6,286.632,328.903,138.0,253.0,0.024383
36,0.18,34,750,293,43,8,771.011,295.881,229.0,253.0,0.024383
36,0.18,35,82,250,57,6,108.176,250.897,253.0,253.0,0.024383
36,0.18,37,315,245,16,6,339.628,243.346,63.0,253.0,0.024383
36,0.18,38,849,14,29,17,870.655,18.081,106.5,253.0,0.024383
36,0.18,42,675,0,6,33,677.779,19.434,109.0,253.0,0.024383
36,0.18,44,480,0,480,314,720.273,167.474,54412.5,253.0,0.024383
36,0.18,50,673,289,18,6,681.288,289.706,61.0,253.0,0.024383
36,0.18,52,752,53,50,29,782.064,64.875,154.5,253.0,0.024383
36,0.18,57,233,262,31,3,247.151,265.532,60.0,253.0,0.024383
36,0.18,62,8,433,35,19,25.911,439.298,158.0,253.0,0.024383
36,0.18,63,141,435,10,15,166.435,438.713,55.0,253.0,0.024383
36,0.18,69,252,373,9,13,254.767,378.152,53.0,253.0,0.024383
36,0.18,70,0,449,19,20,9.5,459.0,111.0,253.0,0.024383
36,0.18,71,163,188,67,44,196.5,210.0,1110.0,253.0,0.024383
36,0.18,72,741,73,26,15,754.0,80.5,74.0,253.0,0.024383
36,0.18,73,317,228,12,7,323.0,231.5,53.5,253.0,0.024383
36,0.18,74,887,212,15,14,895.136,219.0,83.0,253.0,0.024383
36,0.18,75,668,374,43,16,689.5,382.0,467.0,253.0,0.024383
36,0.18,76,673,231,226,55,786.0,258.5,6913.0,253.0,0.024383
36,0.18,77,807,42,16,10,807.772,50.955,59.0,253.0,0.024383
36,0.18,78,484,243,46,6,507.0,246.0,147.0,253.0,0.024383
37,0.185,1,46,432,118,58,112.266,471.521,1971.0,253.0,0.012378
37,0.185,2,452,374,499,166,701.191,457.439,52476.0,253.0,0.012378
37,0.185,3,485,369,11,18,490.447,377.991,134.5,253.0,0.012378
37,0.185,4,682,339,46,15,695.255,352.602,467.0,253.0,0.012378
37,0.185,5,0,342,208,57,104.101,370.517,10469.0,253.0,0.012378
37,0.185,6,275,344,44,46,310.156,367.494,712.5,253.0,0.012378
37,0.185,7,0,316,205,16,98.251,323.616,1714.5,253.0,0.012378
37,0.185,8,722,304,238,81,828.814,344.65,11428.0,253.0,0.012378
37,0.185,9,909,302,15,17,916.619,310.889,133.5,253.0,0.012378
37,0.185,10,19,192,211,42,120.504,214.443,1480.0,253.0,0.012378
37,0.185,11,544,219,29,4,550.944,231.332,75.0,253.0,0.012378
37,0.185,12,874,237,58,55,903.382,264.921,2200.5,253.0,0.012378
37,0.185,13,244,224,50,8,274.926,228.17,239.0,253.0,0.012378
37,0.185,14,194,246,104,8,252.259,249.589,551.5,253.0,0.012378
37,0.185,16,62,142,120,39,121.725,161.651,4400.5,253.0,0.012378
37,0.185,17,639,162,7,19,642.577,171.701,65.0,253.0,0.012378
37,0.185,18,44,99,144,37,116.033,117.807,3425.5,253.0,0.012378
37,0.185,19,294,139,38,37,312.787,157.5,1261.0,253.0,0.012378
37,0.185,20,412,134,118,41,470.973,154.687,3770.5,253.0,0.012378
37,0.185,22,0,30,121,107,60.543,83.5,6253.5,253.0,0.012378
37,0.185,23,601,0,359,286,782.231,131.96,49589.0,253.0,0.012378
37,0.185,24,710,0,93,64,756.502,32.0,3046.5,253.0,0.012378
37,0.185,25,691,0,16,77,698.992,38.5,1033.0,253.0,0.012378
37,0.185,26,236,0,393,167,432.12,87.056,41129.5,253.0,0.012378
37,0.185,27,210,0,19,84,219.531,42.0,1160.0,253.0,0.012378
37,0.185,28,98,0,111,71,153.571,35.363,3892.0,253.0,0.012378
37,0.185,29,73,524,132,16,141.403,531.776,1556.0,253.0,0.012378
37,0.185,31,251,341,16,9,278.125,333.559,65.5,253.0,0.012378
37,0.185,34,744,292,49,8,770.377,295.771,236.5,253.0,0.012378
37,0.185,35,84,250,54,6,108.926,251.469,210.0,253.0,0.012378
37,0.185,37,315,245,16,6,335.222,244.741,66.0,253.0,0.012378
37,0.185,38,849,14,29,17,872.875,16.956,106.5,253.0,0.012378
37,0.185,42,675,0,6,33,677.855,18.18,98.5,253.0,0.012378
37,0.185,44,480,0,480,314,720.192,168.378,54412.5,253.0,0.012378
37,0.185,50,673,289,18,6,680.492,288.571,61.0,253.0,0.012378
37,0.185,52,752,53,50,29,781.576,65.117,154.5,253.0,0.012378
37,0.185,57,233,262,31,3,243.332,267.108,60.0,253.0,0.012378
37,0.185,62,9,434,27,3,23.434,436.237,52.0,253.0,0.012378
37,0.185,63,141,435,10,15,175.295,436.312,55.0,253.0,0.012378
37,0.185,69,252,373,9,13,253.911,380.843,53.0,253.0,0.012378
37,0.185,73,317,228,12,7,323.0,231.5,53.5,253.0,0.012378
37,0.185,74,887,212,15,14,895.5,219.0,83.0,253.0,0.012378
37,0.185,75,668,374,43,16,689.5,382.0,467.0,253.0,0.012378
37,0.185,76,673,231,226,55,786.0,258.5,6913.0,253.0,0.012378
37,0.185,77,807,42,16,10,798.136,56.228,59.0,253.0,0.012378
37,0.185,78,484,243,46,6,507.0,246.0,147.0,253.0,0.012378
38,0.19,1,0,430,257,110,116.478,474.941,18924.0,253.0,0.016322
38,0.19,2,451,373,500,167,701.156,457.187,54674.5,253.0,0.016322
38,0.19,3,484,368,13,20,490.456,377.987,207.5,253.0,0.016322
38,0.19,4,674,359,31,5,693.79,354.885,87.0,253.0,0.016322
38,0.19,5,0,341,208,60,104.076,370.645,10973.5,253.0,0.016322
38,0.19,6,250,339,146,55,313.417,367.241,5508.5,253.0,0.016322
38,0.19,7,18,315,186,16,100.62,323.34,1452.0,253.0,0.016322
38,0.19,8,680,304,280,82,826.896,344.759,13518.5,253.0,0.016322
38,0.19,9,908,302,17,18,916.588,310.916,190.5,253.0,0.016322
38,0.19,10,0,191,232,45,119.765,213.988,2017.0,253.0,0.016322
38,0.19,11,543,242,34,6,553.443,234.703,119.5,253.0,0.016322
38,0.19,12,874,237,59,57,903.388,265.07,2474.5,253.0,0.016322
38,0.19,13,233,224,75,10,274.146,228.362,458.5,253.0,0.016322
38,0.19,14,193,245,140,9,255.064,249.26,805.0,253.0,0.016322
38,0.19,16,61,141,121,40,121.68,161.539,4506.5,253.0,0.016322
38,0.19,17,638,159,8,27,642.44,171.866,164.5,253.0,0.016322
38,0.19,18,44,99,144,37,116.028,117.776,3492.5,253.0,0.016322
38,0.19,19,293,139,39,37,312.716,157.5,1313.0,253.0,0.016322
38,0.19,20,412,134,118,42,470.967,154.77,3838.0,253.0,0.016322
38,0.19,22,0,30,121,107,60.523,83.5,6284.5,253.0,0.016322
38,0.19,23,601,0,359,286,781.982,131.862,49589.0,253.0,0.016322
38,0.19,24,710,0,93,64,756.501,32.0,2998.5,253.0,0.016322
38,0.19,25,691,0,16,77,699.005,38.5,962.0,253.0,0.016322
38,0.19,26,236,0,392,183,432.101,87.956,41321.5,253.0,0.016322
38,0.19,27,210,0,19,84,219.514,42.0,1149.0,253.0,0.016322
38,0.19,28,98,0,111,71,153.556,35.404,3888.5,253.0,0.016322
38,0.19,29,73,524,132,16,141.483,531.812,1556.0,253.0,0.016322
38,0.19,31,263,316,54,6,280.543,329.528,155.0,253.0,0.016322
38,0.19,34,744,292,49,8,770.828,295.528,236.5,253.0,0.016322
38,0.19,35,82,249,57,7,109.428,251.82,258.0,253.0,0.016322
38,0.19,37,346,229,4,22,339.59,243.325,53.0,253.0,0.016322
38,0.19,38,849,14,29,17,875.095,15.832,106.5,253.0,0.016322
38,0.19,42,675,0,6,33,677.847,17.9,98.5,253.0,0.016322
38,0.19,44,480,0,480,313,720.066,164.192,55167.0,253.0,0.016322
38,0.19,50,673,289,16,5,680.372,289.541,51.5,253.0,0.016322
38,0.19,52,752,53,50,29,781.088,65.358,154.5,253.0,0.016322
38,0.19,57,226,262,38,4,241.714,266.806,76.0,253.0,0.016322
38,0.19,62,9,434,27,3,23.945,435.534,52.0,253.0,0.016322
38,0.19,63,141,435,10,15,184.154,433.911,55.0,253.0,0.016322
38,0.19,69,252,373,9,13,253.056,383.533,53.0,253.0,0.016322
38,0.19,73,311,228,18,8,320.04,231.993,62.0,253.0,0.016322
38,0.19,74,887,212,15,14,895.864,219.0,83.0,253.0,0.016322
38,0.19,75,668,374,43,16,689.5,382.0,467.0,253.0,0.016322
38,0.19,76,673,231,226,55,786.0,258.5,6913.0,253.0,0.016322
38,0.19,77,807,42,16,10,788.5,61.5,59.0,253.0,0.016322
38,0.19,78,488,244,40,5,507.971,246.486,108.0,253.0,0.016322
38,0.19,79,50,250,25,5,62.5,252.5,58.5,253.0,0.016322
39,0.195,1,34,432,107,58,109.336,471.581,1867.0,253.0,0.014442
39,0.195,2,451,393,500,147,701.124,459.589,51961.0,253.0,0.014442
39,0.195,3,485,369,11,19,490.463,378.115,134.0,253.0,0.014442
39,0.195,4,667,374,47,19,692.908,362.818,512.0,253.0,0.014442
39,0.195,5,0,342,208,56,104.054,370.492,10574.0,253.0,0.014442
39,0.195,6,279,340,34,49,309.137,366.502,583.0,253.0,0.014442
39,0.195,7,18,315,186,16,96.969,323.26,1452.0,253.0,0.014442
39,0.195,8,682,304,278,81,825.557,344.711,12430.5,253.0,0.014442
39,0.195,9,909,302,16,17,916.692,310.809,159.0,253.0,0.014442
39,0.195,10,14,226,143,8,111.102,217.946,361.5,253.0,0.014442
39,0.195,11,547,219,26,5,555.541,231.447,64.5,253.0,0.014442
39,0.195,12,874,238,59,54,903.398,265.066,2317.0,253.0,0.014442
39,0.195,13,256,224,38,8,274.607,228.267,210.0,253.0,0.014442
39,0.195,14,194,246,110,8,253.781,249.158,565.5,253.0,0.014442
39,0.195,16,62,142,119,39,121.64,161.566,4372.0,253.0,0.014442
39,0.195,17,639,166,6,17,642.327,172.541,59.0,253.0,0.014442
39,0.195,18,44,99,144,37,116.023,117.743,3437.5,253.0,0.014442
39,0.195,19,294,139,38,37,312.786,157.5,1266.5,253.0,0.014442
39,0.195,20,412,134,118,41,470.963,154.709,3774.0,253.0,0.014442
39,0.195,22,0,30,121,107,60.507,83.5,6247.0,253.0,0.014442
39,0.195,23,611,0,349,286,783.233,136.238,49547.5,253.0,0.014442
39,0.195,24,710,0,93,64,756.501,32.0,3051.5,253.0,0.014442
39,0.195,25,691,0,16,77,699.015,38.5,1056.0,253.0,0.014442
39,0.195,26,236,0,393,171,432.213,87.188,41085.0,253.0,0.014442
39,0.195,27,210,0,19,84,219.501,42.0,1154.0,253.0,0.014442
39,0.195,28,98,0,111,71,153.543,35.438,3881.0,253.0,0.014442
39,0.195,29,73,523,142,17,142.533,531.709,1627.5,253.0,0.014442
39,0.195,31,263,316,54,6,279.685,329.147,155.0,253.0,0.014442
39,0.195,34,744,293,51,8,770.572,295.967,272.5,253.0,0.014442
39,0.195,35,85,250,53,6,110.102,252.236,212.0,253.0,0.014442
39,0.195,37,314,245,17,6,335.539,244.549,67.0,253.0,0.014442
39,0.195,38,880,0,26,13,885.674,10.334,90.0,253.0,0.014442
39,0.195,42,676,0,5,32,678.102,16.975,92.5,253.0,0.014442
39,0.195,44,480,0,480,313,719.98,164.468,55167.0,253.0,0.014442
39,0.195,50,673,289,16,5,679.652,288.644,51.5,253.0,0.014442
39,0.195,52,778,50,28,18,787.029,61.878,88.5,253.0,0.014442
39,0.195,57,226,262,38,4,238.167,268.15,76.0,253.0,0.014442
39,0.195,62,9,434,27,3,24.455,434.831,52.0,253.0,0.014442
39,0.195,63,161,431,21,7,177.719,433.636,64.0,253.0,0.014442
39,0.195,73,311,228,18,8,319.56,232.073,62.0,253.0,0.014442
39,0.195,74,887,212,15,14,896.227,219.0,83.0,253.0,0.014442
39,0.195,76,673,231,226,55,786.0,258.5,6913.0,253.0,0.014442
39,0.195,77,807,42,16,10,778.864,66.772,59.0,253.0,0.014442
39,0.195,78,488,244,40,5,508.2,246.6,108.0,253.0,0.014442
39,0.195,79,50,250,25,5,62.5,252.5,58.5,253.0,0.014442
39,0.195,80,163,192,67,40,196.5,212.0,1084.5,253.0,0.014442
39,0.195,81,854,17,14,11,861.0,22.5,60.0,253.0,0.014442
40,0.2,1,0,430,258,110,114.067,474.965,18944.5,254.0,0.017116
40,0.2,2,451,373,500,167,701.095,459.015,54518.5,254.0,0.017116
40,0.2,3,484,368,13,20,490.471,378.094,205.5,254.0,0.017116
40,0.2,4,673,359,31,5,691.654,363.235,86.5,254.0,0.017116
40,0.2,5,0,341,208,60,104.036,370.621,10946.5,254.0,0.017116
40,0.2,6,250,339,145,55,312.397,366.403,5580.5,254.0,0.017116
40,0.2,7,19,312,186,19,100.756,322.511,1625.0,254.0,0.017116
40,0.2,8,682,303,278,83,824.424,344.668,13401.0,254.0,0.017116
40,0.2,9,909,302,16,18,916.781,310.848,185.5,254.0,0.017116
40,0.2,10,0,188,232,49,111.692,216.758,2085.0,254.0,0.017116
40,0.2,11,487,242,93,7,550.336,234.932,314.0,254.0,0.017116
40,0.2,12,874,237,59,56,903.408,265.06,2472.5,254.0,0.017116
40,0.2,13,234,223,102,13,277.576,228.578,613.0,254.0,0.017116
40,0.2,14,192,245,141,9,256.178,248.984,830.0,254.0,0.017116
40,0.2,16,61,141,121,40,121.605,161.453,4509.5,254.0,0.017116
40,0.2,17,638,161,12,26,642.762,172.971,182.0,254.0,0.017116
40,0.2,18,44,99,144,37,116.018,117.708,3505.5,254.0,0.017116
40,0.2,19,293,139,39,37,312.715,157.5,1319.5,254.0,0.017116
40,0.2,20,412,134,119,42,471.092,154.787,3855.5,254.0,0.017116
40,0.2,22,0,30,122,107,60.626,83.5,6315.0,254.0,0.017116
40,0.2,23,611,0,349,286,783.169,136.692,49547.5,254.0,0.017116
40,0.2,24,710,0,93,64,756.501,32.0,3014.5,254.0,0.017116
40,0.2,25,691,0,16,77,699.022,38.5,960.0,254.0,0.017116
40,0.2,26,236,0,392,183,432.177,88.124,41356.5,254.0,0.017116
40,0.2,27,210,0,19,84,219.491,42.0,1161.0,254.0,0.017116
40,0.2,28,98,0,111,71,153.531,35.465,3893.0,254.0,0.017116
40,0.2,29,73,523,142,17,142.732,531.728,1627.5,254.0,0.017116
40,0.2,31,268,315,52,7,283.951,325.299,179.5,254.0,0.017116
40,0.2,34,744,293,51,8,770.937,295.809,272.5,254.0,0.017116
40,0.2,35,80,249,59,7,110.131,252.442,269.5,254.0,0.017116
40,0.2,37,314,245,17,6,336.02,244.575,67.0,254.0,0.017116
40,0.2,38,880,0,26,13,888.804,8.733,90.0,254.0,0.017116
40,0.2,42,676,0,5,32,678.127,16.615,92.5,254.0,0.017116
40,0.2,44,481,0,479,313,720.135,161.462,54304.0,254.0,0.017116
40,0.2,50,673,289,16,5,678.933,287.747,51.5,254.0,0.017116
40,0.2,52,778,50,28,18,787.221,61.726,88.5,254.0,0.017116
40,0.2,57,225,262,42,4,239.179,267.293,94.0,254.0,0.017116
40,0.2,62,9,434,27,3,24.965,434.128,52.0,254.0,0.017116
40,0.2,63,161,431,21,7,185.055,431.446,64.0,254.0,0.017116
40,0.2,73,311,228,18,8,319.079,232.153,62.0,254.0,0.017116
40,0.2,74,885,213,17,12,893.618,219.0,86.5,254.0,0.017116
40,0.2,76,673,231,226,55,786.0,258.5,6913.0,254.0,0.017116
40,0.2,77,807,42,16,10,769.228,72.045,59.0,254.0,0.017116
40,0.2,78,488,244,40,5,508.429,246.714,108.0,254.0,0.017116
40,0.2,79,47,251,30,5,62.045,253.409,78.5,254.0,0.017116
40,0.2,80,163,192,67,40,196.5,212.0,1084.5,254.0,0.017116
40,0.2,81,854,17,14,11,861.0,22.5,60.0,254.0,0.017116
40,0.2,82,0,316,19,13,9.5,322.5,152.0,254.0,0.017116
40,0.2,83,287,307,24,6,299.0,310.0,81.0,254.0,0.017116
41,0.205,1,46,432,107,58,110.426,471.578,2304.5,253.0,0.015562
41,0.205,2,451,391,500,149,701.071,460.846,52114.0,253.0,0.015562
41,0.205,3,485,369,10,18,490.347,378.074,120.5,253.0,0.015562
41,0.205,4,667,374,44,18,690.764,369.22,449.0,253.0,0.015562
41,0.205,5,0,342,208,56,104.021,370.47,10475.5,253.0,0.015562
41,0.205,6,293,366,21,19,310.227,368.685,225.5,253.0,0.015562
41,0.205,7,19,312,186,19,98.022,322.349,1625.0,253.0,0.015562
41,0.205,8,722,304,238,81,828.74,344.631,11798.5,253.0,0.015562
41,0.205,9,909,302,15,17,916.725,310.752,162.0,253.0,0.015562
41,0.205,10,21,192,209,42,114.775,215.848,1490.0,253.0,0.015562
41,0.205,11,551,219,26,5,553.816,231.64,81.5,253.0,0.015562
41,0.205,12,875,238,58,54,903.55,265.053,2266.0,253.0,0.015562
41,0.205,13,241,224,54,8,275.611,228.452,262.0,253.0,0.015562
41,0.205,14,194,245,137,9,258.192,248.875,675.0,253.0,0.015562
41,0.205,16,62,142,120,39,121.705,161.482,4386.0,253.0,0.015562
41,0.205,17,638,161,12,26,642.816,173.084,182.0,253.0,0.015562
41,0.205,18,44,99,144,37,116.014,117.675,3444.5,253.0,0.015562
41,0.205,19,294,139,38,37,312.786,157.5,1267.5,253.0,0.015562
41,0.205,20,412,134,118,41,471.073,154.722,3779.5,253.0,0.015562
41,0.205,22,0,30,121,107,60.597,83.5,6263.0,253.0,0.015562
41,0.205,23,611,0,349,286,784.058,139.476,49476.5,253.0,0.015562
41,0.205,24,710,0,93,64,756.5,32.0,3045.5,253.0,0.015562
41,0.205,25,691,0,16,77,699.026,38.5,1059.0,253.0,0.015562
41,0.205,26,236,0,392,165,432.143,86.593,41094.0,253.0,0.015562
41,0.205,27,210,0,19,84,219.484,42.0,1156.5,253.0,0.015562
41,0.205,28,98,0,110,71,153.391,35.487,3882.5,253.0,0.015562
41,0.205,29,73,523,129,17,140.769,531.648,1627.0,253.0,0.015562
41,0.205,31,290,344,21,18,288.955,333.264,107.5,253.0,0.015562
41,0.205,34,753,292,41,9,772.175,295.988,215.0,253.0,0.015562
41,0.205,35,84,250,54,6,110.52,252.727,231.5,253.0,0.015562
41,0.205,37,314,245,17,6,336.501,244.6,67.0,253.0,0.015562
41,0.205,38,880,0,26,13,891.934,7.133,90.0,253.0,0.015562
41,0.205,42,676,0,4,28,678.091,15.358,64.0,253.0,0.015562
41,0.205,44,481,0,479,313,720.078,161.333,54304.0,253.0,0.015562
41,0.205,50,673,289,16,5,678.214,286.851,51.5,253.0,0.015562
41,0.205,52,778,50,28,18,787.414,61.574,88.5,253.0,0.015562
41,0.205,57,225,262,42,4,236.198,268.364,94.0,253.0,0.015562
41,0.205,62,27,434,16,17,31.568,439.23,71.5,253.0,0.015562
41,0.205,63,161,431,21,7,192.39,429.257,64.0,253.0,0.015562
41,0.205,73,311,228,18,8,318.599,232.234,62.0,253.0,0.015562
41,0.205,74,885,213,17,12,893.546,219.0,86.5,253.0,0.015562
41,0.205,78,488,244,40,5,508.657,246.829,108.0,253.0,0.015562
41,0.205,79,47,251,30,5,61.864,253.773,78.5,253.0,0.015562
41,0.205,80,163,192,67,40,196.5,212.0,1084.5,253.0,0.015562
41,0.205,81,854,17,14,11,861.0,22.5,60.0,253.0,0.015562
41,0.205,82,0,316,19,13,9.5,322.5,152.0,253.0,0.015562
41,0.205,83,251,341,14,11,266.197,339.203,93.5,253.0,0.015562
41,0.205,84,682,338,46,17,705.0,346.5,485.5,253.0,0.015562
42,0.21,1,0,430,257,110,114.896,474.942,18964.0,254.0,0.012729
42,0.21,2,451,373,501,167,701.18,460.026,54442.0,254.0,0.012729
42,0.21,3,484,368,14,20,490.503,378.057,210.0,254.0,0.012729
42,0.21,4,673,359,32,5,690.048,368.423,93.0,254.0,0.012729
42,0.21,5,0,341,209,60,104.14,370.601,10961.5,254.0,0.012729
42,0.21,6,250,339,146,55,313.462,368.281,5569.0,254.0,0.012729
42,0.21,7,0,312,204,19,97.96,321.914,1799.0,254.0,0.012729
42,0.21,8,681,303,279,83,826.996,344.599,13559.5,254.0,0.012729
42,0.21,9,908,302,17,18,916.674,310.803,189.5,254.0,0.012729
42,0.21,10,0,187,231,50,114.851,214.806,2088.0,254.0,0.012729
42,0.21,11,487,242,91,7,548.545,235.091,288.0,254.0,0.012729
42,0.21,12,874,237,60,57,903.673,265.177,2467.5,254.0,0.012729
42,0.21,13,234,223,96,12,277.526,228.602,547.0,254.0,0.012729
42,0.21,14,193,245,139,9,259.845,248.818,843.5,254.0,0.012729
42,0.21,16,61,141,121,40,121.66,161.374,4488.5,254.0,0.012729
42,0.21,17,637,158,13,28,643.074,172.81,214.5,254.0,0.012729
42,0.21,18,44,99,144,37,116.011,117.644,3497.5,254.0,0.012729
42,0.21,19,293,139,39,37,312.715,157.5,1317.0,254.0,0.012729
42,0.21,20,412,134,119,42,471.186,154.796,3850.5,254.0,0.012729
42,0.21,22,0,30,122,107,60.703,83.5,6307.0,254.0,0.012729
42,0.21,23,611,0,349,286,784.112,140.218,49476.5,254.0,0.012729
42,0.21,24,710,0,93,64,756.5,32.0,3004.5,254.0,0.012729
42,0.21,25,691,0,15,77,698.898,38.5,957.0,254.0,0.012729
42,0.21,26,236,0,392,183,432.112,87.657,41196.0,254.0,0.012729
42,0.21,27,211,0,18,84,219.611,42.0,1149.0,254.0,0.012729
42,0.21,28,99,0,110,71,153.533,35.503,3897.0,254.0,0.012729
42,0.21,29,73,523,129,17,140.702,531.655,1627.0,254.0,0.012729
42,0.21,31,273,316,48,6,291.679,329.368,142.0,254.0,0.012729
42,0.21,34,753,292,41,9,772.647,295.871,215.0,254.0,0.012729
42,0.21,35,82,249,58,8,110.826,252.948,269.5,254.0,0.012729
42,0.21,37,340,230,10,21,340.196,242.971,67.5,254.0,0.012729
42,0.21,38,880,0,26,13,895.065,5.532,90.0,254.0,0.012729
42,0.21,42,676,0,4,28,678.108,14.888,64.0,254.0,0.012729
42,0.21,44,484,0,476,314,720.809,159.531,54419.0,254.0,0.012729
42,0.21,50,672,289,21,6,680.305,289.348,72.0,254.0,0.012729
42,0.21,52,778,50,28,18,787.606,61.421,88.5,254.0,0.012729
42,0.21,57,225,262,42,4,233.217,269.434,94.0,254.0,0.012729
42,0.21,62,27,434,16,17,32.669,439.09,71.5,254.0,0.012729
42,0.21,63,161,431,21,7,199.725,427.067,64.0,254.0,0.012729
42,0.21,73,311,228,18,8,318.118,232.314,62.0,254.0,0.012729
42,0.21,74,886,211,16,11,893.805,217.427,73.0,254.0,0.012729
42,0.21,78,488,244,40,5,508.886,246.943,108.0,254.0,0.012729
42,0.21,79,47,251,15,5,55.791,253.614,53.5,254.0,0.012729
42,0.21,80,163,192,67,40,196.5,212.0,1084.5,254.0,0.012729
42,0.21,81,854,17,14,11,861.0,22.5,60.0,254.0,0.012729
42,0.21,82,0,316,19,13,9.5,322.5,152.0,254.0,0.012729
42,0.21,83,251,341,14,11,249.803,353.797,93.5,254.0,0.012729
42,0.21,84,682,338,46,17,705.0,346.5,485.5,254.0,0.012729
42,0.21,85,287,307,23,6,298.5,310.0,76.0,254.0,0.012729
43,0.215,1,46,432,116,59,112.317,471.672,2324.0,254.0,0.015471
43,0.215,2,451,390,500,150,701.143,461.506,52049.0,254.0,0.015471
43,0.215,3,486,369,10,19,490.637,378.173,132.5,254.0,0.015471
43,0.215,4,667,374,43,19,689.35,373.369,492.0,254.0,0.015471
43,0.215,5,0,342,207,57,103.98,370.583,10426.5,254.0,0.015471
43,0.215,6,288,347,23,43,310.077,368.436,396.5,254.0,0.015471
43,0.215,7,0,312,204,19,95.555,321.718,1799.0,254.0,0.015471
43,0.215,8,722,303,238,82,830.827,344.441,11866.0,254.0,0.015471
43,0.215,9,909,302,16,17,916.761,310.717,142.0,254.0,0.015471
43,0.215,10,25,192,205,42,118.069,214.189,1435.0,254.0,0.015471
43,0.215,11,543,219,38,4,551.745,231.637,84.0,254.0,0.015471
43,0.215,12,874,238,59,54,903.645,265.15,2264.0,254.0,0.015471
43,0.215,13,239,224,50,8,274.408,228.468,203.0,254.0,0.015471
43,0.215,14,194,245,138,9,261.298,248.803,698.5,254.0,0.015471
43,0.215,16,62,142,119,39,121.621,161.411,4372.5,254.0,0.015471
43,0.215,17,637,158,13,28,643.156,172.868,214.5,254.0,0.015471
43,0.215,18,44,99,144,37,116.008,117.615,3419.5,254.0,0.015471
43,0.215,19,294,139,38,37,312.785,157.5,1254.5,254.0,0.015471
43,0.215,20,412,134,118,41,471.152,154.728,3771.5,254.0,0.015471
43,0.215,22,0,30,121,107,60.662,83.5,6259.0,254.0,0.015471
43,0.215,23,625,0,335,286,787.483,141.771,49520.5,254.0,0.015471
43,0.215,24,710,0,93,64,756.5,32.0,3054.5,254.0,0.015471
43,0.215,25,691,0,16,77,698.918,38.5,1037.5,254.0,0.015471
43,0.215,26,236,0,392,167,432.086,86.5,41077.5,254.0,0.015471
43,0.215,27,210,0,19,84,219.588,42.0,1151.5,254.0,0.015471
43,0.215,28,98,0,111,71,153.526,35.515,3880.5,254.0,0.015471
43,0.215,29,74,524,132,16,140.382,531.796,1605.5,254.0,0.015471
43,0.215,31,251,341,17,9,283.332,333.688,69.0,254.0,0.015471
43,0.215,34,744,292,52,9,771.879,296.051,269.5,254.0,0.015471
43,0.215,35,84,250,55,6,111.189,253.113,234.0,254.0,0.015471
43,0.215,37,340,230,10,21,341.098,242.779,67.5,254.0,0.015471
43,0.215,38,843,21,19,12,872.447,16.93,58.0,254.0,0.015471
43,0.215,42,675,0,6,38,678.075,16.242,108.0,254.0,0.015471
43,0.215,44,484,0,476,314,720.849,159.196,54419.0,254.0,0.015471
43,0.215,50,672,289,21,6,679.882,288.81,72.0,254.0,0.015471
43,0.215,52,765,48,49,26,788.772,61.115,140.0,254.0,0.015471
43,0.215,57,225,262,42,4,230.236,270.505,94.0,254.0,0.015471
43,0.215,62,27,434,16,17,33.771,438.95,71.5,254.0,0.015471
43,0.215,63,161,431,21,7,207.061,424.878,64.0,254.0,0.015471
43,0.215,73,311,228,18,8,317.638,232.394,62.0,254.0,0.015471
43,0.215,74,886,212,16,9,893.878,216.894,78.5,254.0,0.015471
43,0.215,78,488,244,40,5,509.115,247.057,108.0,254.0,0.015471
43,0.215,79,47,251,15,5,53.72,253.811,53.5,254.0,0.015471
43,0.215,80,163,192,67,40,196.5,212.0,1084.5,254.0,0.015471
43,0.215,81,854,17,14,11,861.0,22.5,60.0,254.0,0.015471
43,0.215,82,0,316,19,13,9.5,322.5,152.0,254.0,0.015471
43,0.215,83,251,341,14,11,233.41,368.391,93.5,254.0,0.015471
43,0.215,84,683,338,45,16,705.455,346.045,487.5,254.0,0.015471
43,0.215,85,287,307,23,6,298.5,310.0,76.0,254.0,0.015471
44,0.22,1,0,430,258,110,116.626,475.007,19000.5,254.0,0.015668
44,0.22,2,451,373,500,167,701.11,460.512,54476.5,254.0,0.015668
44,0.22,3,484,368,13,20,490.62,378.14,209.5,254.0,0.015668
44,0.22,4,673,359,32,4,688.935,371.494,79.0,254.0,0.015668
44,0.22,5,0,341,209,60,104.105,370.697,10992.5,254.0,0.015668
44,0.22,6,250,339,146,55,313.311,368.031,5608.5,254.0,0.015668
44,0.22,7,13,311,190,21,99.062,321.513,1756.5,254.0,0.015668
44,0.22,8,722,303,238,82,831.583,344.416,11866.0,254.0,0.015668
44,0.22,9,908,302,17,18,916.704,310.776,188.0,254.0,0.015668
44,0.22,10,0,188,233,49,117.933,213.557,2082.0,254.0,0.015668
44,0.22,11,491,242,106,7,549.798,235.08,354.5,254.0,0.015668
44,0.22,12,874,237,59,56,903.619,265.125,2459.0,254.0,0.015668
44,0.22,13,234,224,96,12,276.41,228.873,557.0,254.0,0.015668
44,0.22,14,180,245,153,10,260.739,248.949,926.5,254.0,0.015668
44,0.22,16,61,141,121,40,121.587,161.31,4530.5,254.0,0.015668
44,0.22,17,637,159,11,28,642.97,172.953,212.5,254.0,0.015668
44,0.22,18,44,99,144,37,116.005,117.59,3494.5,254.0,0.015668
44,0.22,19,293,139,39,37,312.715,157.5,1319.5,254.0,0.015668
44,0.22,20,412,134,118,42,471.12,154.799,3845.5,254.0,0.015668
44,0.22,22,0,30,121,107,60.626,83.5,6316.0,254.0,0.015668
44,0.22,23,625,0,335,286,787.945,142.613,49520.5,254.0,0.015668
44,0.22,24,710,0,93,64,756.5,32.0,3015.5,254.0,0.015668
44,0.22,25,691,0,15,77,698.806,38.5,957.0,254.0,0.015668
44,0.22,26,236,0,392,183,432.062,87.621,41426.0,254.0,0.015668
44,0.22,27,210,0,19,84,219.568,42.0,1173.5,254.0,0.015668
44,0.22,28,99,0,110,71,153.65,35.523,3895.0,254.0,0.015668
44,0.22,29,74,524,132,16,140.283,531.819,1605.5,254.0,0.015668
44,0.22,31,257,316,63,7,284.418,330.134,230.0,254.0,0.015668
44,0.22,34,744,292,52,9,772.198,295.97,269.5,254.0,0.015668
44,0.22,35,82,249,64,8,112.122,253.231,310.5,254.0,0.015668
44,0.22,37,341,230,9,21,343.415,241.744,69.5,254.0,0.015668
44,0.22,38,843,21,19,12,872.896,16.683,58.0,254.0,0.015668
44,0.22,42,675,0,6,38,678.086,15.996,108.0,254.0,0.015668
44,0.22,44,480,0,480,386,720.535,172.451,67901.5,254.0,0.015668
44,0.22,50,673,290,24,4,682.035,290.004,67.0,254.0,0.015668
44,0.22,52,765,48,49,26,789.064,60.947,140.0,254.0,0.015668
44,0.22,57,223,264,34,3,233.881,268.417,66.0,254.0,0.015668
44,0.22,62,27,434,16,17,34.872,438.81,71.5,254.0,0.015668
44,0.22,63,161,431,21,7,214.396,422.689,64.0,254.0,0.015668
44,0.22,74,885,211,17,14,893.727,217.149,85.5,254.0,0.015668
44,0.22,79,45,250,34,7,59.085,253.643,164.5,254.0,0.015668
44,0.22,80,163,192,67,40,196.5,212.0,1084.5,254.0,0.015668
44,0.22,81,854,17,14,11,861.0,22.5,60.0,254.0,0.015668
44,0.22,82,0,316,8,13,4.157,322.5,60.5,254.0,0.015668
44,0.22,83,251,341,14,11,217.016,382.985,93.5,254.0,0.015668
44,0.22,84,683,338,45,16,705.636,345.864,487.5,254.0,0.015668
44,0.22,85,286,307,23,5,297.591,309.545,77.0,254.0,0.015668
45,0.225,1,37,432,130,58,113.228,471.582,2152.0,254.0,0.017328
45,0.225,2,451,393,500,147,701.081,462.237,51944.0,254.0,0.017328
45,0.225,3,485,369,11,19,490.603,378.242,140.5,254.0,0.017328
45,0.225,4,667,374,44,17,688.631,375.346,488.0,254.0,0.017328
45,0.225,5,0,342,208,57,104.082,370.662,10506.0,254.0,0.017328
45,0.225,6,292,364,13,12,309.67,368.587,51.0,254.0,0.017328
45,0.225,7,13,311,190,21,97.386,321.316,1756.5,254.0,0.017328
45,0.225,8,722,304,238,81,835.13,344.426,11815.5,254.0,0.017328
45,0.225,9,909,302,15,18,916.654,310.828,169.0,254.0,0.017328
45,0.225,10,9,192,221,41,118.562,213.049,1454.0,254.0,0.017328
45,0.225,11,542,219,28,4,551.273,231.621,65.0,254.0,0.017328
45,0.225,12,874,238,58,54,903.464,265.101,2190.5,254.0,0.017328
45,0.225,13,237,225,55,7,273.529,228.823,216.5,254.0,0.017328
45,0.225,14,193,245,138,9,261.6,248.967,722.0,254.0,0.017328
45,0.225,16,62,142,120,39,121.69,161.355,4388.0,254.0,0.017328
45,0.225,17,641,165,4,21,643.011,173.82,54.0,254.0,0.017328
45,0.225,18,44,99,144,37,116.003,117.567,3439.5,254.0,0.017328
45,0.225,19,294,139,38,37,312.785,157.5,1255.0,254.0,0.017328
45,0.225,20,412,134,118,41,471.092,154.729,3780.5,254.0,0.017328
45,0.225,22,0,30,121,107,60.594,83.5,6259.0,254.0,0.017328
45,0.225,23,636,0,324,287,792.226,143.473,49201.5,254.0,0.017328
45,0.225,24,710,0,93,64,756.5,32.0,3049.5,254.0,0.017328
45,0.225,25,691,0,16,77,698.842,38.5,1017.0,254.0,0.017328
45,0.225,26,236,0,393,182,432.174,88.467,41115.0,254.0,0.017328
45,0.225,27,210,0,19,84,219.551,42.0,1160.0,254.0,0.017328
45,0.225,28,98,0,111,71,153.625,35.529,3892.0,254.0,0.017328
45,0.225,29,72,523,132,17,139.315,531.706,1582.5,254.0,0.017328
45,0.225,31,289,345,16,16,287.609,336.105,76.5,254.0,0.017328
45,0.225,34,747,293,46,8,771.516,296.331,247.0,254.0,0.017328
45,0.225,35,85,250,54,6,112.362,253.309,238.0,254.0,0.017328
45,0.225,37,341,230,9,21,344.495,241.446,69.5,254.0,0.017328
45,0.225,38,829,24,30,16,859.701,23.673,90.0,254.0,0.017328
45,0.225,42,675,0,6,33,678.058,16.049,89.5,254.0,0.017328
45,0.225,44,480,0,480,386,720.532,173.791,67901.5,254.0,0.017328
45,0.225,50,673,290,24,4,681.889,289.652,67.0,254.0,0.017328
45,0.225,52,765,62,22,13,783.117,64.386,62.0,254.0,0.017328
45,0.225,57,223,264,34,3,231.657,269.127,66.0,254.0,0.017328
45,0.225,62,20,434,17,14,31.547,440.05,78.0,254.0,0.017328
45,0.225,74,886,212,17,13,893.962,217.476,97.0,254.0,0.017328
45,0.225,79,45,250,34,7,58.767,253.753,164.5,254.0,0.017328
45,0.225,82,0,316,8,13,2.899,322.5,60.5,254.0,0.017328
45,0.225,83,251,341,14,11,200.623,397.58,93.5,254.0,0.017328
45,0.225,84,683,339,45,15,705.557,346.353,496.0,254.0,0.017328
45,0.225,85,251,341,16,9,270.994,334.162,69.0,254.0,0.017328
45,0.225,86,72,464,15,12,79.5,470.0,96.0,254.0,0.017328
45,0.225,87,293,379,27,11,306.5,384.5,135.5,254.0,0.017328
45,0.225,88,252,359,17,14,260.5,366.0,59.0,254.0,0.017328
45,0.225,89,608,219,25,5,620.5,221.5,71.5,254.0,0.017328
46,0.23,1,0,430,256,110,117.082,474.918,18976.0,255.0,0.012231
46,0.23,2,451,373,500,167,701.057,461.061,54574.5,255.0,0.012231
46,0.23,3,484,368,13,20,490.586,378.196,210.0,255.0,0.012231
46,0.23,4,674,359,30,4,688.421,372.828,80.5,255.0,0.012231
46,0.23,5,0,341,209,59,104.192,370.63,10951.0,255.0,0.012231
46,0.23,6,250,339,146,55,312.954,368.138,5556.5,255.0,0.012231
46,0.23,7,27,312,177,19,103.587,321.271,1424.0,255.0,0.012231
46,0.23,8,680,303,280,83,831.382,344.434,13584.0,255.0,0.012231
46,0.23,9,908,302,17,18,916.611,310.873,193.0,255.0,0.012231
46,0.23,10,0,188,234,48,118.409,212.523,2067.0,255.0,0.012231
46,0.23,11,486,242,98,7,547.057,235.06,299.0,255.0,0.012231
46,0.23,12,874,237,59,56,903.463,265.08,2464.0,255.0,0.012231
46,0.23,13,234,223,94,13,275.367,229.036,578.5,255.0,0.012231
46,0.23,14,180,242,154,13,260.945,248.739,980.0,255.0,0.012231
46,0.23,16,61,141,121,40,121.647,161.263,4484.5,255.0,0.012231
46,0.23,17,638,159,11,28,643.189,173.694,181.0,255.0,0.012231
46,0.23,18,44,99,144,37,116.002,117.548,3491.5,255.0,0.012231
46,0.23,19,293,139,39,37,312.714,157.5,1315.5,255.0,0.012231
46,0.23,20,412,134,118,41,471.068,154.669,3840.5,255.0,0.012231
46,0.23,22,0,30,121,107,60.567,83.5,6295.5,255.0,0.012231
46,0.23,23,636,0,324,287,793.159,144.316,49201.5,255.0,0.012231
46,0.23,24,710,0,93,64,756.5,32.0,3000.5,255.0,0.012231
46,0.23,25,691,0,15,77,698.743,38.5,965.5,255.0,0.012231
46,0.23,26,236,0,392,183,432.138,89.32,41384.5,255.0,0.012231
46,0.23,27,210,0,19,84,219.536,42.0,1169.5,255.0,0.012231
46,0.23,28,99,0,110,71,153.732,35.531,3900.0,255.0,0.012231
46,0.23,29,72,523,132,17,139.109,531.713,1582.5,255.0,0.012231
46,0.23,31,274,316,46,6,290.284,332.122,154.0,255.0,0.012231
46,0.23,34,747,293,46,8,771.712,296.306,247.0,255.0,0.012231
46,0.23,35,45,249,101,9,108.212,253.485,515.0,255.0,0.012231
46,0.23,37,341,230,9,21,345.575,241.149,69.5,255.0,0.012231
46,0.23,38,829,24,30,16,858.688,24.201,90.0,255.0,0.012231
46,0.23,42,675,0,6,33,678.064,15.841,89.5,255.0,0.012231
46,0.23,44,481,0,479,313,720.517,167.715,54326.0,255.0,0.012231
46,0.23,50,673,290,24,4,681.743,289.3,67.0,255.0,0.012231
46,0.23,52,765,62,22,13,782.748,64.6,62.0,255.0,0.012231
46,0.23,57,227,264,32,4,235.58,268.098,68.0,255.0,0.012231
46,0.23,62,20,434,17,14,32.209,440.048,78.0,255.0,0.012231
46,0.23,74,885,212,17,14,893.822,217.871,81.5,255.0,0.012231
46,0.23,79,45,250,34,7,58.449,253.864,164.5,255.0,0.012231
46,0.23,82,0,316,26,12,9.841,322.139,186.5,255.0,0.012231
46,0.23,83,251,341,14,11,184.23,412.174,93.5,255.0,0.012231
46,0.23,84,683,339,45,15,705.655,346.386,496.0,255.0,0.012231
46,0.23,85,288,307,24,6,284.193,323.459,83.0,255.0,0.012231
46,0.23,86,72,464,15,12,79.5,470.0,96.0,255.0,0.012231
46,0.23,87,293,379,27,11,306.5,384.5,135.5,255.0,0.012231
46,0.23,88,252,359,17,14,260.5,366.0,59.0,255.0,0.012231
46,0.23,89,608,219,25,5,620.5,221.5,71.5,255.0,0.012231
47,0.235,1,29,432,130,58,111.463,471.497,2127.0,254.0,0.011594
47,0.235,2,451,374,500,166,701.037,460.149,52673.5,254.0,0.011594
47,0.235,3,485,369,11,18,490.57,378.154,129.5,254.0,0.011594
47,0.235,4,683,338,45,16,692.614,366.58,539.5,254.0,0.011594
47,0.235,5,0,342,207,56,104.024,370.471,10463.0,254.0,0.011594
47,0.235,6,288,346,31,44,310.669,368.135,462.5,254.0,0.011594
47,0.235,7,27,312,177,19,102.882,321.093,1424.0,254.0,0.011594
47,0.235,8,723,304,237,81,834.612,344.442,11812.5,254.0,0.011594
47,0.235,9,909,302,15,17,916.574,310.78,164.5,254.0,0.011594
47,0.235,10,0,188,231,46,117.85,211.852,1528.5,254.0,0.011594
47,0.235,11,544,218,28,5,549.49,231.468,78.5,254.0,0.011594
47,0.235,12,874,237,59,55,903.464,264.93,2297.5,254.0,0.011594
47,0.235,13,246,224,48,8,274.066,228.818,229.0,254.0,0.011594
47,0.235,14,194,245,137,10,261.746,248.953,729.0,254.0,0.011594
47,0.235,16,62,142,119,39,121.609,161.315,4370.0,254.0,0.011594
47,0.235,17,641,163,5,19,643.323,173.449,51.5,254.0,0.011594
47,0.235,18,44,99,144,37,116.0,117.532,3419.5,254.0,0.011594
47,0.235,19,294,139,38,37,312.785,157.5,1257.5,254.0,0.011594
47,0.235,20,412,134,118,41,471.048,154.618,3764.5,254.0,0.011594
47,0.235,22,0,30,122,107,60.675,83.5,6251.0,254.0,0.011594
47,0.235,23,608,0,352,287,790.075,144.499,49581.0,254.0,0.011594
47,0.235,24,710,0,93,64,756.499,32.0,3051.5,254.0,0.011594
47,0.235,25,691,0,16,77,698.792,38.5,1041.0,254.0,0.011594
47,0.235,26,236,0,393,182,432.236,89.904,41113.0,254.0,0.011594
47,0.235,27,210,0,19,84,219.524,42.0,1160.5,254.0,0.011594
47,0.235,28,98,0,111,71,153.69,35.532,3883.5,254.0,0.011594
47,0.235,29,73,523,144,17,141.33,531.632,1612.0,254.0,0.011594
47,0.235,31,274,316,46,6,290.902,332.159,154.0,254.0,0.011594
47,0.235,34,739,293,56,8,769.955,296.566,273.5,254.0,0.011594
47,0.235,35,85,250,54,6,108.971,253.485,234.5,254.0,0.011594
47,0.235,37,341,230,9,21,346.655,240.851,69.5,254.0,0.011594
47,0.235,38,845,21,16,12,855.699,25.689,56.5,254.0,0.011594
47,0.235,42,675,0,6,36,678.042,16.575,109.0,254.0,0.011594
47,0.235,44,481,0,479,313,720.512,168.141,54326.0,254.0,0.011594
47,0.235,50,673,290,24,4,681.598,288.947,67.0,254.0,0.011594
47,0.235,52,755,53,47,27,780.737,65.527,154.0,254.0,0.011594
47,0.235,57,227,264,32,4,234.053,268.611,68.0,254.0,0.011594
47,0.235,62,17,434,18,15,29.613,440.735,90.5,254.0,0.011594
47,0.235,74,885,212,17,14,893.806,217.835,81.5,254.0,0.011594
47,0.235,79,45,250,34,7,58.131,253.974,164.5,254.0,0.011594
47,0.235,82,0,316,26,12,10.423,322.058,186.5,254.0,0.011594
47,0.235,84,683,339,45,15,705.753,346.42,496.0,254.0,0.011594
47,0.235,85,288,307,24,6,281.989,325.872,83.0,254.0,0.011594
47,0.235,86,72,464,15,12,79.5,470.0,96.0,254.0,0.011594
47,0.235,87,293,379,27,11,306.5,384.5,135.5,254.0,0.011594
47,0.235,88,252,359,17,14,260.5,366.0,59.0,254.0,0.011594
47,0.235,89,608,219,25,5,620.5,221.5,71.5,254.0,0.011594
47,0.235,90,0,442,12,14,6.0,449.0,64.0,254.0,0.011594
48,0.24,1,0,430,258,110,115.788,474.839,18959.5,255.0,0.012097
48,0.24,2,451,373,500,167,701.02,459.223,54508.5,255.0,0.012097
48,0.24,3,484,368,13,20,490.556,378.118,211.5,255.0,0.012097
48,0.24,4,673,359,32,4,691.881,365.106,77.0,255.0,0.012097
48,0.24,5,0,341,208,59,104.011,370.466,10978.0,255.0,0.012097
48,0.24,6,250,339,146,55,313.803,367.736,5595.5,255.0,0.012097
48,0.24,7,0,311,202,20,101.709,320.948,1831.5,255.0,0.012097
48,0.24,8,681,304,279,82,831.324,344.587,13478.0,255.0,0.012097
48,0.24,9,909,302,16,18,916.676,310.832,184.5,255.0,0.012097
48,0.24,10,0,188,232,49,117.477,211.716,2088.5,255.0,0.012097
48,0.24,11,538,242,47,6,552.528,234.797,152.5,255.0,0.012097
48,0.24,12,874,237,60,56,903.596,264.934,2462.0,255.0,0.012097
48,0.24,13,233,223,94,13,275.562,229.018,584.0,255.0,0.012097
48,0.24,14,221,264,41,4,256.879,253.334,85.0,255.0,0.012097
48,0.24,16,61,141,121,40,121.577,161.231,4511.0,255.0,0.012097
48,0.24,17,637,160,11,27,643.151,173.52,181.5,255.0,0.012097
48,0.24,18,44,99,144,37,115.999,117.519,3491.5,255.0,0.012097
48,0.24,19,293,139,39,37,312.714,157.5,1310.5,255.0,0.012097
48,0.24,20,412,134,119,41,471.161,154.575,3862.0,255.0,0.012097
48,0.24,22,0,30,121,107,60.636,83.5,6320.5,255.0,0.012097
48,0.24,23,608,0,352,287,790.513,145.262,49581.0,255.0,0.012097
48,0.24,24,710,0,93,64,756.5,32.0,2986.5,255.0,0.012097
48,0.24,25,691,0,15,77,698.706,38.5,951.0,255.0,0.012097
48,0.24,26,236,0,392,183,432.189,90.507,41367.5,255.0,0.012097
48,0.24,27,211,0,18,84,219.644,42.0,1163.0,255.0,0.012097
48,0.24,28,98,0,111,71,153.653,35.532,3895.0,255.0,0.012097
48,0.24,29,73,523,144,17,141.424,531.627,1612.0,255.0,0.012097
48,0.24,31,275,316,44,6,293.29,327.932,136.0,255.0,0.012097
48,0.24,34,739,293,56,8,769.91,296.576,273.5,255.0,0.012097
48,0.24,35,85,250,54,6,108.815,253.632,234.5,255.0,0.012097
48,0.24,37,340,229,10,23,346.311,240.526,87.5,255.0,0.012097
48,0.24,38,845,21,16,12,854.462,26.326,56.5,255.0,0.012097
48,0.24,42,675,0,6,36,678.045,16.482,109.0,255.0,0.012097
48,0.24,44,480,0,480,313,720.305,163.764,54268.5,255.0,0.012097
48,0.24,50,672,290,22,5,682.279,290.682,58.0,255.0,0.012097
48,0.24,52,755,53,47,27,780.183,65.822,154.0,255.0,0.012097
48,0.24,57,37,245,296,13,212.541,261.713,1654.0,255.0,0.012097
48,0.24,62,17,434,18,15,29.932,440.805,90.5,255.0,0.012097
48,0.24,74,886,212,16,14,893.866,218.232,84.0,255.0,0.012097
48,0.24,79,45,250,34,7,57.813,254.085,164.5,255.0,0.012097
48,0.24,82,0,316,26,12,11.005,321.977,186.5,255.0,0.012097
48,0.24,84,683,339,45,15,705.852,346.453,496.0,255.0,0.012097
48,0.24,85,288,307,22,5,292.925,315.438,67.0,255.0,0.012097
48,0.24,86,72,464,15,12,79.5,470.0,96.0,255.0,0.012097
48,0.24,87,293,379,27,11,306.5,384.5,135.5,255.0,0.012097
48,0.24,88,252,359,17,14,260.5,366.0,59.0,255.0,0.012097
48,0.24,89,608,219,25,5,620.5,221.5,71.5,255.0,0.012097
48,0.24,90,0,442,12,14,6.0,449.0,64.0,255.0,0.012097
48,0.24,91,488,243,45,6,510.5,246.0,143.0,255.0,0.012097
49,0.245,1,46,432,117,58,113.087,471.426,1959.0,255.0,0.01474
49,0.245,2,452,393,499,147,701.138,461.047,52058.5,255.0,0.01474
49,0.245,3,485,369,11,19,490.543,378.217,141.5,255.0,0.01474
49,0.245,4,667,374,47,21,691.622,370.02,530.0,255.0,0.01474
49,0.245,5,0,342,207,56,103.87,370.333,10468.0,255.0,0.01474
49,0.245,6,284,350,40,36,311.505,367.785,430.5,255.0,0.01474
49,0.245,7,0,311,202,20,100.946,320.774,1831.5,255.0,0.01474
49,0.245,8,683,304,277,81,828.865,344.57,12319.0,255.0,0.01474
49,0.245,9,909,302,16,17,916.763,310.746,137.5,255.0,0.01474
49,0.245,10,11,188,220,46,118.452,211.254,1530.0,255.0,0.01474
49,0.245,11,548,219,24,5,554.726,231.506,65.0,255.0,0.01474
49,0.245,12,874,238,59,54,903.579,264.939,2248.0,255.0,0.01474
49,0.245,13,247,224,48,8,274.486,228.793,248.0,255.0,0.01474
49,0.245,14,193,245,138,10,258.051,252.875,782.0,255.0,0.01474
49,0.245,16,62,142,120,39,121.681,161.29,4391.0,255.0,0.01474
49,0.245,17,637,160,11,27,643.19,173.597,181.5,255.0,0.01474
49,0.245,18,44,99,144,37,115.999,117.509,3418.5,255.0,0.01474
49,0.245,19,294,139,38,37,312.785,157.5,1260.0,255.0,0.01474
49,0.245,20,412,134,118,41,471.128,154.541,3771.5,255.0,0.01474
49,0.245,22,0,30,121,107,60.603,83.5,6259.5,255.0,0.01474
49,0.245,23,603,0,357,286,787.189,144.82,49330.0,255.0,0.01474
49,0.245,24,710,0,93,64,756.5,32.0,3052.5,255.0,0.01474
49,0.245,25,691,0,16,77,698.765,38.5,1009.0,255.0,0.01474
49,0.245,26,236,0,393,171,432.277,89.423,41111.0,255.0,0.01474
49,0.245,27,210,0,19,84,219.616,42.0,1155.5,255.0,0.01474
49,0.245,28,98,0,110,70,153.488,35.399,3883.0,255.0,0.01474
49,0.245,29,73,523,130,17,140.117,531.574,1584.0,255.0,0.01474
49,0.245,31,251,341,35,11,286.427,333.131,86.0,255.0,0.01474
49,0.245,34,743,292,52,9,769.521,296.551,256.5,255.0,0.01474
49,0.245,35,85,250,55,7,109.897,253.689,250.5,255.0,0.01474
49,0.245,37,340,229,10,23,347.23,240.225,87.5,255.0,0.01474
49,0.245,38,823,34,17,10,844.412,31.847,53.0,255.0,0.01474
49,0.245,42,677,0,4,36,678.427,17.031,82.5,255.0,0.01474
49,0.245,44,480,0,480,313,720.276,163.598,54268.5,255.0,0.01474
49,0.245,50,672,290,22,5,682.223,290.555,58.0,255.0,0.01474
49,0.245,52,758,54,41,25,779.171,66.272,130.5,255.0,0.01474
49,0.245,57,37,245,296,13,208.7,261.368,1654.0,255.0,0.01474
49,0.245,62,19,434,18,9,29.29,439.861,64.0,255.0,0.01474
49,0.245,74,886,212,16,14,893.86,218.259,84.0,255.0,0.01474
49,0.245,79,45,250,34,7,57.495,254.195,164.5,255.0,0.01474
49,0.245,82,0,316,26,12,11.587,321.896,186.5,255.0,0.01474
49,0.245,84,683,339,45,15,705.95,346.486,496.0,255.0,0.01474
49,0.245,85,288,307,22,5,294.067,314.579,67.0,255.0,0.01474
49,0.245,86,72,464,15,12,79.5,470.0,96.0,255.0,0.01474
49,0.245,87,293,379,27,11,306.5,384.5,135.5,255.0,0.01474
49,0.245,88,252,359,17,14,260.5,366.0,59.0,255.0,0.01474
49,0.245,89,608,219,25,5,620.5,221.5,71.5,255.0,0.01474
49,0.245,90,0,447,16,11,7.818,452.182,70.0,255.0,0.01474
49,0.245,91,488,243,45,6,510.5,246.0,143.0,255.0,0.01474
50,0.25,1,0,430,257,110,117.035,474.777,18914.5,255.0,0.012711
50,0.25,2,451,373,500,167,701.109,459.991,54583.5,255.0,0.012711
50,0.25,3,484,368,13,20,490.532,378.17,209.5,255.0,0.012711
50,0.25,4,667,359,37,5,690.077,368.177,93.5,255.0,0.012711
50,0.25,5,0,341,209,60,104.013,370.483,10984.0,255.0,0.012711
50,0.25,6,250,339,145,55,314.354,367.438,5556.5,255.0,0.012711
50,0.25,7,21,311,180,21,104.489,320.958,1504.5,255.0,0.012711
50,0.25,8,681,304,279,82,826.55,344.689,13505.0,255.0,0.012711
50,0.25,9,909,302,16,18,916.836,310.803,186.0,255.0,0.012711
50,0.25,10,0,188,233,49,118.094,211.295,2119.0,255.0,0.012711
50,0.25,11,535,242,35,6,554.592,234.832,115.0,255.0,0.012711
50,0.25,12,874,237,59,56,903.563,264.945,2463.5,255.0,0.012711
50,0.25,13,236,223,92,12,276.431,228.857,564.0,255.0,0.012711
50,0.25,14,249,265,31,3,259.721,256.737,60.0,255.0,0.012711
50,0.25,16,61,141,121,40,121.64,161.211,4508.5,255.0,0.012711
50,0.25,17,638,160,9,27,642.99,173.617,165.5,255.0,0.012711
50,0.25,18,44,99,144,37,115.998,117.501,3494.5,255.0,0.012711
50,0.25,19,293,139,39,37,312.714,157.5,1322.0,255.0,0.012711
50,0.25,20,412,134,119,42,471.229,154.645,3859.0,255.0,0.012711
50,0.25,22,0,30,121,107,60.574,83.5,6303.0,255.0,0.012711
50,0.25,23,603,0,357,286,787.163,145.434,49330.0,255.0,0.012711
50,0.25,24,710,0,92,64,756.369,32.0,3001.0,255.0,0.012711
50,0.25,25,691,0,16,77,698.817,38.5,971.5,255.0,0.012711
50,0.25,26,236,0,392,183,432.22,90.04,41276.0,255.0,0.012711
50,0.25,27,210,0,19,84,219.591,42.0,1152.5,255.0,0.012711
50,0.25,28,98,0,111,71,153.479,35.417,3884.5,255.0,0.012711
50,0.25,29,73,523,130,17,140.038,531.564,1584.0,255.0,0.012711
50,0.25,31,279,317,34,5,289.018,329.395,95.0,255.0,0.012711
50,0.25,34,743,292,52,9,769.433,296.556,256.5,255.0,0.012711
50,0.25,35,85,250,55,7,109.917,253.823,250.5,255.0,0.012711
50,0.25,37,340,229,10,16,346.726,238.603,60.5,255.0,0.012711
50,0.25,38,823,34,17,10,842.128,33.063,53.0,255.0,0.012711
50,0.25,42,677,0,4,36,678.476,17.017,82.5,255.0,0.012711
50,0.25,44,482,0,478,315,720.546,161.071,54441.0,255.0,0.012711
50,0.25,50,672,289,23,9,682.773,291.827,90.0,255.0,0.012711
50,0.25,52,758,54,41,25,778.562,66.585,130.5,255.0,0.012711
50,0.25,57,30,245,303,14,195.385,257.364,1763.5,255.0,0.012711
50,0.25,62,19,434,18,9,29.5,439.815,64.0,255.0,0.012711
50,0.25,74,886,212,16,14,893.855,218.286,84.0,255.0,0.012711
50,0.25,82,0,318,18,10,9.717,322.732,55.5,255.0,0.012711
50,0.25,84,683,339,45,15,706.048,346.52,496.0,255.0,0.012711
50,0.25,85,287,308,23,4,297.265,311.396,59.0,255.0,0.012711
50,0.25,86,72,464,15,12,79.5,470.0,96.0,255.0,0.012711
50,0.25,87,293,379,27,11,306.5,384.5,135.5,255.0,0.012711
50,0.25,88,252,359,17,14,260.5,366.0,59.0,255.0,0.012711
50,0.25,89,608,219,25,5,620.5,221.5,71.5,255.0,0.012711
50,0.25,90,0,447,16,11,8.546,453.455,70.0,255.0,0.012711
50,0.25,91,485,244,47,5,508.682,246.455,138.0,255.0,0.012711
51,0.255,1,46,433,87,57,110.199,471.503,1043.5,255.0,0.012879
51,0.255,2,451,374,500,166,701.083,459.208,52511.5,255.0,0.012879
51,0.255,3,486,369,10,19,490.653,378.26,135.0,255.0,0.012879
51,0.255,4,682,338,46,15,693.869,362.368,502.0,255.0,0.012879
51,0.255,5,0,342,207,56,103.876,370.352,10536.0,255.0,0.012879
51,0.255,6,287,345,26,45,310.892,367.407,509.5,255.0,0.012879
51,0.255,7,21,311,180,21,104.257,320.829,1504.5,255.0,0.012879
51,0.255,8,722,305,238,80,830.042,344.787,11378.0,255.0,0.012879
51,0.255,9,909,302,15,18,916.766,310.854,153.5,255.0,0.012879
51,0.255,10,85,250,54,7,116.592,222.086,275.5,255.0,0.012879
51,0.255,11,551,218,24,5,557.156,231.277,64.0,255.0,0.012879
51,0.255,12,874,238,59,54,903.549,264.952,2277.0,255.0,0.012879
51,0.255,13,243,224,51,8,274.554,228.648,214.0,255.0,0.012879
51,0.255,14,186,245,145,11,259.571,255.784,815.0,255.0,0.012879
51,0.255,16,62,142,120,39,121.735,161.275,4386.0,255.0,0.012879
51,0.255,17,638,160,9,27,642.996,173.687,165.5,255.0,0.012879
51,0.255,18,44,99,144,37,115.998,117.495,3433.5,255.0,0.012879
51,0.255,19,294,139,38,37,312.785,157.5,1263.0,255.0,0.012879
51,0.255,20,412,134,118,41,471.183,154.605,3763.0,255.0,0.012879
51,0.255,22,0,30,121,106,60.55,83.369,6242.0,255.0,0.012879
51,0.255,23,610,0,350,286,786.287,144.835,49462.0,255.0,0.012879
51,0.255,24,710,0,93,64,756.389,32.0,3051.5,255.0,0.012879
51,0.255,25,691,0,16,77,698.863,38.5,1020.0,255.0,0.012879
51,0.255,26,236,0,393,167,432.3,88.461,41027.5,255.0,0.012879
51,0.255,27,211,0,18,84,219.7,42.0,1148.5,255.0,0.012879
51,0.255,28,98,0,111,71,153.472,35.433,3875.5,255.0,0.012879
51,0.255,29,72,523,144,17,141.567,531.532,1620.0,255.0,0.012879
51,0.255,31,279,317,34,5,289.197,329.078,95.0,255.0,0.012879
51,0.255,34,747,293,46,8,769.606,296.736,244.5,255.0,0.012879
51,0.255,35,0,227,153,7,97.803,245.444,417.0,255.0,0.012879
51,0.255,37,340,229,10,16,347.486,238.154,60.5,255.0,0.012879
51,0.255,38,843,20,19,14,844.91,31.367,85.0,255.0,0.012879
51,0.255,42,676,0,5,48,678.515,19.789,115.5,255.0,0.012879
51,0.255,44,482,0,478,315,720.553,160.614,54441.0,255.0,0.012879
51,0.255,50,672,289,23,9,682.784,291.854,90.0,255.0,0.012879
51,0.255,52,809,39,19,12,794.186,58.131,58.5,255.0,0.012879
51,0.255,57,163,188,67,44,192.497,240.658,1106.5,255.0,0.012879
51,0.255,62,8,434,16,21,24.104,441.704,115.5,255.0,0.012879
51,0.255,74,886,212,17,10,894.147,217.712,85.0,255.0,0.012879
51,0.255,82,0,318,18,10,9.929,322.789,55.5,255.0,0.012879
51,0.255,85,287,308,23,4,298.797,310.097,59.0,255.0,0.012879
51,0.255,86,95,431,78,31,133.275,446.813,833.5,255.0,0.012879
51,0.255,90,0,447,16,11,9.273,454.727,70.0,255.0,0.012879
51,0.255,91,485,244,47,5,507.954,246.636,138.0,255.0,0.012879
52,0.26,1,0,430,258,110,114.677,474.842,18999.0,256.0,0.010729
52,0.26,2,451,373,501,167,701.191,458.414,54490.5,256.0,0.010729
52,0.26,3,484,368,13,20,490.626,378.205,213.0,256.0,0.010729
52,0.26,4,672,359,32,4,692.644,361.491,85.5,256.0,0.010729
52,0.26,5,0,341,209,60,104.021,370.504,11000.5,256.0,0.010729
52,0.26,6,250,339,146,55,313.926,367.126,5558.5,256.0,0.010729
52,0.26,7,0,312,203,20,103.02,321.217,1814.5,256.0,0.010729
52,0.26,8,681,303,279,83,827.637,344.736,13598.0,256.0,0.010729
52,0.26,9,908,302,17,18,916.704,310.896,189.5,256.0,0.010729
52,0.26,10,0,187,232,51,116.351,220.55,2105.5,256.0,0.010729
52,0.26,11,484,242,99,7,551.565,234.77,314.0,256.0,0.010729
52,0.26,12,874,237,59,56,903.536,264.959,2448.0,256.0,0.010729
52,0.26,13,234,223,95,13,276.333,228.862,611.0,256.0,0.010729
52,0.26,14,186,245,145,11,259.743,256.425,815.0,256.0,0.010729
52,0.26,16,61,141,121,40,121.684,161.201,4521.5,256.0,0.010729
52,0.26,17,637,161,10,25,642.636,173.663,148.5,256.0,0.010729
52,0.26,18,44,99,144,37,115.998,117.491,3483.5,256.0,0.010729
52,0.26,19,293,139,39,37,312.715,157.5,1312.5,256.0,0.010729
52,0.26,20,412,134,119,42,471.273,154.701,3867.5,256.0,0.010729
52,0.26,22,0,30,122,107,60.661,83.389,6333.5,256.0,0.010729
52,0.26,23,610,0,350,286,786.156,145.299,49462.0,256.0,0.010729
52,0.26,24,710,0,93,64,756.408,32.0,3010.5,256.0,0.010729
52,0.26,25,691,0,16,77,698.902,38.5,968.5,256.0,0.010729
52,0.26,26,236,0,392,183,432.237,89.194,41319.5,256.0,0.010729
52,0.26,27,210,0,19,84,219.661,42.0,1159.5,256.0,0.010729
52,0.26,28,98,0,111,71,153.469,35.448,3887.0,256.0,0.010729
52,0.26,29,72,523,144,17,141.687,531.519,1620.0,256.0,0.010729
52,0.26,31,272,315,45,7,291.104,325.301,163.0,256.0,0.010729
52,0.26,34,747,293,46,8,769.551,296.763,244.5,256.0,0.010729
52,0.26,35,0,227,153,7,96.187,244.43,417.0,256.0,0.010729
52,0.26,37,341,230,9,23,347.096,239.295,61.5,256.0,0.010729
52,0.26,38,843,20,19,14,843.245,32.228,85.0,256.0,0.010729
52,0.26,42,676,0,5,48,678.563,20.119,115.5,256.0,0.010729
52,0.26,44,481,0,479,314,720.536,158.9,54198.0,256.0,0.010729
52,0.26,50,672,289,23,9,682.794,291.881,90.0,256.0,0.010729
52,0.26,52,809,39,19,12,795.565,57.371,58.5,256.0,0.010729
52,0.26,57,32,236,303,23,186.469,240.862,1899.5,256.0,0.010729
52,0.26,62,8,434,16,21,23.642,441.891,115.5,256.0,0.010729
52,0.26,74,886,212,17,10,894.18,217.661,85.0,256.0,0.010729
52,0.26,82,0,318,18,10,10.141,322.847,55.5,256.0,0.010729
52,0.26,85,288,308,21,5,299.313,309.743,70.5,256.0,0.010729
52,0.26,86,95,431,78,31,142.002,443.05,833.5,256.0,0.010729
52,0.26,90,0,447,16,11,10.0,456.0,70.0,256.0,0.010729
52,0.26,91,485,244,47,5,507.227,246.818,138.0,256.0,0.010729
53,0.265,1,46,431,133,59,114.223,471.295,2603.5,256.0,0.012649
53,0.265,2,451,374,500,166,701.152,457.884,52439.0,256.0,0.012649
53,0.265,3,485,369,11,18,490.6,378.156,128.5,256.0,0.012649
53,0.265,4,682,338,46,16,696.012,356.898,524.5,256.0,0.012649
53,0.265,5,0,342,207,57,103.886,370.504,10456.0,256.0,0.012649
53,0.265,6,294,362,16,22,311.028,368.594,206.5,256.0,0.012649
53,0.265,7,0,312,203,20,102.665,321.151,1814.5,256.0,0.012649
53,0.265,8,723,305,237,80,831.092,344.821,11841.0,256.0,0.012649
53,0.265,9,909,302,16,18,916.781,310.932,172.0,256.0,0.012649
53,0.265,10,0,188,230,46,115.899,218.713,1561.5,256.0,0.012649
53,0.265,11,551,218,19,5,553.798,231.229,58.0,256.0,0.012649
53,0.265,12,873,238,60,54,903.395,264.965,2262.0,256.0,0.012649
53,0.265,13,241,224,52,8,274.056,228.651,252.0,256.0,0.012649
53,0.265,14,186,245,145,11,259.459,254.95,873.0,256.0,0.012649
53,0.265,16,62,142,120,39,121.77,161.269,4379.0,256.0,0.012649
53,0.265,17,637,161,10,25,642.593,173.72,148.5,256.0,0.012649
53,0.265,18,44,99,144,37,115.998,117.488,3420.5,256.0,0.012649
53,0.265,19,294,139,38,37,312.785,157.5,1258.5,256.0,0.012649
53,0.265,20,412,134,118,41,471.217,154.654,3773.5,256.0,0.012649
53,0.265,22,0,30,122,107,60.756,83.408,6264.0,256.0,0.012649
53,0.265,23,610,0,350,286,785.617,144.664,49305.5,256.0,0.012649
53,0.265,24,710,0,93,64,756.426,32.0,3046.5,256.0,0.012649
53,0.265,25,691,0,16,77,698.935,38.5,1032.0,256.0,0.012649
53,0.265,26,236,0,393,164,432.311,87.342,41080.0,256.0,0.012649
53,0.265,27,210,0,19,83,219.626,41.869,1146.0,256.0,0.012649
53,0.265,28,98,0,110,71,153.337,35.46,3879.5,256.0,0.012649
53,0.265,29,72,523,146,17,143.077,531.504,1646.0,256.0,0.012649
53,0.265,31,251,341,18,12,281.792,331.45,126.5,256.0,0.012649
53,0.265,34,749,292,45,9,770.293,296.674,227.5,256.0,0.012649
53,0.265,35,85,250,54,7,101.265,247.289,282.0,256.0,0.012649
53,0.265,37,341,230,9,23,347.724,239.028,61.5,256.0,0.012649
53,0.265,38,843,20,19,14,841.581,33.088,85.0,256.0,0.012649
53,0.265,42,675,0,6,31,678.368,18.479,85.0,256.0,0.012649
53,0.265,44,481,0,479,314,720.541,158.288,54198.0,256.0,0.012649
53,0.265,50,672,289,23,9,682.805,291.908,90.0,256.0,0.012649
53,0.265,52,809,39,19,12,796.943,56.611,58.5,256.0,0.012649
53,0.265,57,32,236,303,23,181.588,238.507,1899.5,256.0,0.012649
53,0.265,62,8,434,16,21,23.181,442.077,115.5,256.0,0.012649
53,0.265,74,886,212,17,10,894.213,217.611,85.0,256.0,0.012649
53,0.265,82,0,318,18,10,10.353,322.904,55.5,256.0,0.012649
53,0.265,85,288,308,21,5,300.687,308.59,70.5,256.0,0.012649
53,0.265,86,95,431,78,31,150.73,439.286,833.5,256.0,0.012649
53,0.265,90,0,447,16,11,10.727,457.273,70.0,256.0,0.012649
53,0.265,91,485,244,47,5,506.5,247.0,138.0,256.0,0.012649
54,0.27,1,0,430,259,110,118.265,474.664,18878.5,396.0,0.0122
54,0.27,2,451,373,501,167,701.248,457.328,54448.0,396.0,0.0122
54,0.27,3,484,368,14,20,490.708,378.114,213.0,396.0,0.0122
54,0.27,4,671,359,33,5,694.264,357.145,91.0,396.0,0.0122
54,0.27,5,0,341,208,60,103.902,370.635,10950.5,396.0,0.0122
54,0.27,6,250,339,145,55,313.898,368.148,5581.0,396.0,0.0122
54,0.27,7,9,316,194,16,103.778,322.245,1328.5,396.0,0.0122
54,0.27,8,681,303,279,83,828.546,344.759,13480.5,396.0,0.0122
54,0.27,9,908,302,17,18,916.716,310.961,185.0,396.0,0.0122
54,0.27,10,0,188,231,49,115.661,217.453,2052.5,396.0,0.0122
54,0.27,11,485,242,93,7,548.125,234.735,274.0,396.0,0.0122
54,0.27,12,874,237,59,58,903.406,265.233,2470.0,396.0,0.0122
54,0.27,13,234,224,80,10,273.932,228.733,504.5,396.0,0.0122
54,0.27,14,186,245,145,11,259.567,255.291,873.0,396.0,0.0122
54,0.27,16,61,141,121,40,121.712,161.197,4494.5,396.0,0.0122
54,0.27,17,638,161,9,25,642.531,173.67,162.0,396.0,0.0122
54,0.27,18,44,99,144,37,115.998,117.486,3501.0,396.0,0.0122
54,0.27,19,293,139,39,37,312.715,157.5,1326.5,396.0,0.0122
54,0.27,20,412,134,119,42,471.299,154.743,3850.0,396.0,0.0122
54,0.27,22,0,30,122,107,60.836,83.426,6315.0,396.0,0.0122
54,0.27,23,610,0,350,286,785.436,144.992,49305.5,396.0,0.0122
54,0.27,24,710,0,93,64,756.441,32.0,3000.5,396.0,0.0122
54,0.27,25,691,0,15,77,698.831,38.5,968.5,396.0,0.0122
54,0.27,26,236,0,392,183,432.243,88.251,41262.5,396.0,0.0122
54,0.27,27,211,0,18,84,219.726,41.889,1151.5,396.0,0.0122
54,0.27,28,98,0,111,71,153.357,35.471,3892.0,396.0,0.0122
54,0.27,29,72,523,146,17,143.353,531.49,1646.0,396.0,0.0122
54,0.27,31,280,316,34,6,285.558,327.947,108.0,396.0,0.0122
54,0.27,34,749,292,45,9,770.336,296.687,227.5,396.0,0.0122
54,0.27,35,85,250,54,7,100.512,246.774,282.0,396.0,0.0122
54,0.27,37,341,230,9,15,347.2,238.252,56.5,396.0,0.0122
54,0.27,38,843,20,19,14,839.917,33.949,85.0,396.0,0.0122
54,0.27,42,675,0,6,31,678.386,18.566,85.0,396.0,0.0122
54,0.27,44,481,0,479,314,720.527,157.407,54149.0,396.0,0.0122
54,0.27,50,673,289,20,5,682.914,291.703,55.0,396.0,0.0122
54,0.27,52,809,39,19,12,798.322,55.851,58.5,396.0,0.0122
54,0.27,57,26,237,309,22,178.016,240.242,1910.0,396.0,0.0122
54,0.27,62,8,434,16,21,22.719,442.264,115.5,396.0,0.0122
54,0.27,74,886,213,7,13,891.901,218.518,54.0,396.0,0.0122
54,0.27,82,0,318,18,10,10.565,322.961,55.5,396.0,0.0122
54,0.27,85,288,308,21,5,302.062,307.437,70.5,396.0,0.0122
54,0.27,86,95,431,78,31,159.457,435.523,833.5,396.0,0.0122
54,0.27,90,0,447,16,11,11.454,458.545,70.0,396.0,0.0122
54,0.27,91,485,244,47,5,505.773,247.182,138.0,396.0,0.0122
55,0.275,1,46,432,114,58,114.756,471.277,1964.5,256.0,0.011697
55,0.275,2,451,393,500,147,701.198,459.499,52005.5,256.0,0.011697
55,0.275,3,485,369,11,18,490.669,378.079,138.0,256.0,0.011697
55,0.275,4,667,374,47,20,693.498,363.38,506.0,256.0,0.011697
55,0.275,5,0,342,208,57,103.917,370.615,10540.0,256.0,0.011697
55,0.275,6,289,349,23,41,310.599,368.54,475.0,256.0,0.011697
55,0.275,7,9,316,194,16,103.604,322.322,1328.5,256.0,0.011697
55,0.275,8,683,304,277,81,826.62,344.704,12433.5,256.0,0.011697
55,0.275,9,909,302,15,18,916.659,310.983,168.5,256.0,0.011697
55,0.275,10,0,189,229,45,115.217,216.069,1515.5,256.0,0.011697
55,0.275,11,485,242,93,7,547.47,234.992,274.0,256.0,0.011697
55,0.275,12,873,237,60,55,903.288,265.068,2274.0,256.0,0.011697
55,0.275,13,256,224,35,8,273.712,228.541,176.5,256.0,0.011697
55,0.275,14,189,245,143,12,259.974,253.95,853.0,256.0,0.011697
55,0.275,16,62,142,119,39,121.661,161.267,4375.0,256.0,0.011697
55,0.275,17,639,168,6,15,642.323,174.31,56.5,256.0,0.011697
55,0.275,18,44,99,144,37,115.998,117.486,3432.5,256.0,0.011697
55,0.275,19,294,139,38,37,312.785,157.5,1267.5,256.0,0.011697
55,0.275,20,412,134,118,41,471.236,154.689,3774.5,256.0,0.011697
55,0.275,22,0,30,121,107,60.77,83.442,6251.5,256.0,0.011697
55,0.275,23,616,0,344,286,786.348,144.397,49228.5,256.0,0.011697
55,0.275,24,710,0,93,64,756.455,32.0,3049.5,256.0,0.011697
55,0.275,25,691,0,16,77,698.872,38.5,1056.0,256.0,0.011697
55,0.275,26,236,0,392,169,432.183,87.218,41087.0,256.0,0.011697
55,0.275,27,210,0,19,84,219.68,41.908,1147.0,256.0,0.011697
55,0.275,28,98,0,111,71,153.377,35.48,3892.5,256.0,0.011697
55,0.275,29,72,522,141,18,143.18,531.287,1779.5,256.0,0.011697
55,0.275,31,280,316,34,6,285.29,327.6,108.0,256.0,0.011697
55,0.275,34,744,292,54,9,770.626,296.62,281.0,256.0,0.011697
55,0.275,35,85,250,55,7,104.765,249.105,288.0,256.0,0.011697
55,0.275,37,341,230,9,15,347.691,237.926,56.5,256.0,0.011697
55,0.275,38,846,15,29,17,849.798,28.941,78.5,256.0,0.011697
55,0.275,42,675,0,6,19,678.243,15.01,65.5,256.0,0.011697
55,0.275,44,481,0,479,314,720.529,156.762,54149.0,256.0,0.011697
55,0.275,50,673,289,20,5,682.935,291.704,55.0,256.0,0.011697
55,0.275,52,789,42,34,20,802.973,53.485,129.5,256.0,0.011697
55,0.275,57,26,237,309,22,173.309,238.431,1910.0,256.0,0.011697
55,0.275,62,0,434,28,32,17.94,446.397,287.0,256.0,0.011697
55,0.275,74,886,211,17,10,892.755,217.585,86.5,256.0,0.011697
55,0.275,82,0,318,18,10,10.777,323.018,55.5,256.0,0.011697
55,0.275,85,288,308,21,5,303.437,306.284,70.5,256.0,0.011697
55,0.275,86,95,431,78,31,168.185,431.76,833.5,256.0,0.011697
55,0.275,91,485,244,47,5,505.046,247.364,138.0,256.0,0.011697
55,0.275,92,756,63,28,17,770.0,71.5,87.5,256.0,0.011697
55,0.275,93,880,0,19,14,889.5,7.0,63.5,256.0,0.011697
56,0.28,1,0,430,258,110,118.507,474.653,18995.5,396.0,0.010969
56,0.28,2,451,373,501,167,701.284,458.759,54433.0,396.0,0.010969
56,0.28,3,484,368,14,20,490.764,378.05,209.5,396.0,0.010969
56,0.28,4,666,359,37,5,691.249,362.891,89.5,396.0,0.010969
56,0.28,5,0,341,208,59,103.932,370.595,10955.5,396.0,0.010969
56,0.28,6,250,339,146,55,313.655,368.082,5608.0,396.0,0.010969
56,0.28,7,0,316,203,15,102.661,322.837,1558.5,396.0,0.010969
56,0.28,8,681,303,279,82,824.738,344.524,13395.5,396.0,0.010969
56,0.28,9,908,302,17,18,916.612,311.001,192.5,396.0,0.010969
56,0.28,10,0,188,232,49,115.254,215.134,2073.5,396.0,0.010969
56,0.28,11,535,242,47,6,550.58,238.391,143.5,396.0,0.010969
56,0.28,12,874,237,59,56,903.32,265.055,2443.0,396.0,0.010969
56,0.28,13,233,223,91,11,274.849,228.51,560.5,396.0,0.010969
56,0.28,14,189,245,143,12,260.122,254.064,853.0,396.0,0.010969
56,0.28,16,61,141,121,40,121.617,161.197,4508.0,396.0,0.010969
56,0.28,17,637,159,9,27,642.027,173.844,166.0,396.0,0.010969
56,0.28,18,44,99,144,37,115.998,117.486,3493.5,396.0,0.010969
56,0.28,19,293,139,39,37,312.715,157.5,1320.5,396.0,0.010969
56,0.28,20,412,134,118,41,471.18,154.641,3837.0,396.0,0.010969
56,0.28,22,0,30,121,107,60.711,83.456,6303.0,396.0,0.010969
56,0.28,23,616,0,344,286,786.301,144.612,49228.5,396.0,0.010969
56,0.28,24,710,0,93,64,756.467,32.0,3020.5,396.0,0.010969
56,0.28,25,691,0,16,77,698.907,38.5,992.5,396.0,0.010969
56,0.28,26,236,0,392,183,432.132,88.18,41344.5,396.0,0.010969
56,0.28,27,210,0,19,84,219.639,41.926,1168.5,396.0,0.010969
56,0.28,28,99,0,110,71,153.528,35.488,3888.0,396.0,0.010969
56,0.28,29,72,522,141,18,143.4,531.25,1779.5,396.0,0.010969
56,0.28,31,281,316,34,6,289.409,324.462,100.0,396.0,0.010969
56,0.28,34,744,292,54,9,770.7,296.623,281.0,396.0,0.010969
56,0.28,35,85,250,55,7,104.639,248.946,288.0,396.0,0.010969
56,0.28,37,340,230,10,14,346.914,237.36,52.0,396.0,0.010969
56,0.28,38,846,15,29,17,849.458,29.128,78.5,396.0,0.010969
56,0.28,42,675,0,6,19,678.242,14.648,65.5,396.0,0.010969
56,0.28,44,482,0,478,314,720.718,156.468,54353.5,396.0,0.010969
56,0.28,50,675,290,22,5,684.344,292.068,70.0,396.0,0.010969
56,0.28,52,789,42,34,20,804.727,52.541,129.5,396.0,0.010969
56,0.28,57,8,245,325,15,169.31,242.549,2129.5,396.0,0.010969
56,0.28,62,0,434,28,32,16.983,447.036,287.0,396.0,0.010969
56,0.28,74,886,211,17,10,892.642,217.529,86.5,396.0,0.010969
56,0.28,85,288,308,21,5,304.811,305.131,70.5,396.0,0.010969
56,0.28,86,95,431,78,31,176.913,427.996,833.5,396.0,0.010969
56,0.28,91,486,243,18,6,495.356,246.059,62.0,396.0,0.010969
56,0.28,92,756,63,28,17,770.0,71.5,87.5,396.0,0.010969
56,0.28,93,880,0,19,14,889.5,7.0,63.5,396.0,0.010969
56,0.28,94,507,243,25,5,519.5,245.5,69.5,396.0,0.010969
57,0.285,1,46,432,127,58,116.585,471.272,2475.0,396.0,0.013768
57,0.285,2,452,374,499,166,701.356,458.255,52680.5,396.0,0.013768
57,0.285,3,485,369,11,18,490.712,378.026,136.5,396.0,0.013768
57,0.285,4,683,338,45,16,694.819,358.424,541.5,396.0,0.013768
57,0.285,5,0,342,208,57,103.945,370.578,10558.5,396.0,0.013768
57,0.285,6,292,369,13,21,309.868,371.08,148.0,396.0,0.013768
57,0.285,7,0,316,203,15,102.392,322.968,1558.5,396.0,0.013768
57,0.285,8,722,304,238,81,828.547,344.502,11807.0,396.0,0.013768
57,0.285,9,909,302,16,18,916.702,311.014,161.5,396.0,0.013768
57,0.285,10,0,226,161,8,106.032,218.915,404.0,396.0,0.013768
57,0.285,11,545,219,31,4,553.482,233.65,83.0,396.0,0.013768
57,0.285,12,874,238,59,54,903.35,265.043,2296.5,396.0,0.013768
57,0.285,13,244,224,47,8,272.954,228.356,245.0,396.0,0.013768
57,0.285,14,185,245,147,11,259.59,252.765,881.0,396.0,0.013768
57,0.285,16,62,142,120,39,121.711,161.269,4390.0,396.0,0.013768
57,0.285,17,637,159,9,27,641.931,173.887,166.0,396.0,0.013768
57,0.285,18,44,99,144,37,115.998,117.486,3439.5,396.0,0.013768
57,0.285,19,294,139,38,37,312.785,157.5,1259.5,396.0,0.013768
57,0.285,20,412,134,118,41,471.132,154.601,3774.0,396.0,0.013768
57,0.285,22,0,30,121,107,60.66,83.468,6269.0,396.0,0.013768
57,0.285,23,606,0,354,285,784.959,143.901,49262.0,396.0,0.013768
57,0.285,24,710,0,93,64,756.478,32.0,3047.5,396.0,0.013768
57,0.285,25,691,0,16,77,698.937,38.5,1060.0,396.0,0.013768
57,0.285,26,236,0,392,167,432.089,86.928,41127.0,396.0,0.013768
57,0.285,27,210,0,19,84,219.603,41.942,1154.0,396.0,0.013768
57,0.285,28,98,0,110,71,153.396,35.494,3868.5,396.0,0.013768
57,0.285,29,73,523,131,17,141.582,531.328,1556.5,396.0,0.013768
57,0.285,31,290,340,16,9,292.288,330.147,57.0,396.0,0.013768
57,0.285,34,745,293,47,8,769.868,296.775,244.5,396.0,0.013768
57,0.285,35,83,250,57,8,107.278,250.85,324.5,396.0,0.013768
57,0.285,37,340,230,10,14,347.251,237.005,52.0,396.0,0.013768
57,0.285,38,846,15,29,17,849.118,29.316,78.5,396.0,0.013768
57,0.285,42,676,0,4,34,678.144,15.366,87.5,396.0,0.013768
57,0.285,44,482,0,478,314,720.743,155.866,54353.5,396.0,0.013768
57,0.285,50,675,290,22,5,684.519,292.11,70.0,396.0,0.013768
57,0.285,52,756,64,27,16,789.715,60.847,74.0,396.0,0.013768
57,0.285,57,164,188,66,44,175.306,231.166,1113.5,396.0,0.013768
57,0.285,62,11,433,31,13,20.793,443.955,91.5,396.0,0.013768
57,0.285,74,886,211,17,10,892.528,217.474,86.5,396.0,0.013768
57,0.285,85,288,308,21,5,306.186,303.978,70.5,396.0,0.013768
57,0.285,91,486,243,18,6,493.316,246.023,62.0,396.0,0.013768
57,0.285,92,756,63,28,17,770.0,71.5,87.5,396.0,0.013768
57,0.285,93,880,0,19,14,889.5,7.0,63.5,396.0,0.013768
57,0.285,94,507,243,25,5,519.5,245.5,69.5,396.0,0.013768
58,0.29,1,0,430,258,110,119.99,474.652,18920.0,396.0,0.012331
58,0.29,2,451,373,501,167,701.415,457.705,54577.0,396.0,0.012331
58,0.29,3,484,368,13,20,490.666,378.008,209.5,396.0,0.012331
58,0.29,4,672,359,33,4,693.422,358.569,81.5,396.0,0.012331
58,0.29,5,0,341,209,60,104.088,370.692,10952.0,396.0,0.012331
58,0.29,6,250,339,146,55,313.036,370.221,5572.0,396.0,0.012331
58,0.29,7,14,315,191,15,105.059,322.861,1309.0,396.0,0.012331
58,0.29,8,722,304,238,81,828.595,344.481,11807.0,396.0,0.012331
58,0.29,9,908,302,17,18,916.65,311.023,187.0,396.0,0.012331
58,0.29,10,0,187,232,49,107.517,217.299,2047.0,396.0,0.012331
58,0.29,11,535,242,35,6,553.417,236.858,112.5,396.0,0.012331
58,0.29,12,874,237,59,57,903.378,265.164,2474.5,396.0,0.012331
58,0.29,13,235,223,90,13,274.611,228.62,557.0,396.0,0.012331
58,0.29,14,185,245,147,11,259.651,252.696,881.0,396.0,0.012331
58,0.29,16,61,141,121,40,121.661,161.2,4511.5,396.0,0.012331
58,0.29,17,637,160,10,27,641.891,173.783,184.5,396.0,0.012331
58,0.29,18,44,99,144,37,115.999,117.487,3481.5,396.0,0.012331
58,0.29,19,293,139,39,37,312.715,157.5,1319.5,396.0,0.012331
58,0.29,20,412,134,119,42,471.222,154.697,3835.0,396.0,0.012331
58,0.29,22,0,30,122,107,60.746,83.478,6312.5,396.0,0.012331
58,0.29,23,606,0,354,285,784.753,144.001,49262.0,396.0,0.012331
58,0.29,24,710,0,93,64,756.486,32.0,3001.5,396.0,0.012331
58,0.29,25,691,0,16,77,698.961,38.5,978.0,396.0,0.012331
58,0.29,26,236,0,392,183,432.054,87.961,41249.0,396.0,0.012331
58,0.29,27,210,0,19,84,219.573,41.956,1162.0,396.0,0.012331
58,0.29,28,98,0,111,71,153.414,35.499,3889.0,396.0,0.012331
58,0.29,29,73,523,131,17,141.552,531.305,1556.5,396.0,0.012331
58,0.29,31,282,317,27,5,293.698,327.16,84.0,396.0,0.012331
58,0.29,34,745,293,47,8,769.83,296.796,244.5,396.0,0.012331
58,0.29,35,83,250,57,8,107.492,250.946,324.5,396.0,0.012331
58,0.29,37,346,229,4,23,347.752,238.18,56.0,396.0,0.012331
58,0.29,38,846,15,29,17,848.778,29.503,78.5,396.0,0.012331
58,0.29,42,676,0,4,34,678.131,15.137,87.5,396.0,0.012331
58,0.29,44,482,0,478,386,720.86,170.284,67968.0,396.0,0.012331
58,0.29,50,672,289,22,5,683.981,291.877,56.5,396.0,0.012331
58,0.29,52,756,64,27,16,789.562,60.955,74.0,396.0,0.012331
58,0.29,57,11,245,322,15,172.064,235.925,2151.5,396.0,0.012331
58,0.29,62,11,433,31,13,20.379,444.17,91.5,396.0,0.012331
58,0.29,74,886,211,17,10,892.415,217.419,86.5,396.0,0.012331
58,0.29,91,485,244,46,5,501.797,246.31,117.0,396.0,0.012331
58,0.29,92,756,63,28,17,770.0,71.5,87.5,396.0,0.012331
58,0.29,93,880,0,19,14,889.5,7.0,63.5,396.0,0.012331
58,0.29,94,507,243,25,5,519.5,245.5,69.5,396.0,0.012331
59,0.295,1,94,432,70,29,122.851,467.484,1116.0,396.0,0.015725
59,0.295,2,452,374,499,166,701.461,457.382,52606.5,396.0,0.015725
59,0.295,3,485,369,11,18,490.626,377.994,126.5,396.0,0.015725
59,0.295,4,672,359,33,4,693.511,357.981,81.5,396.0,0.015725
59,0.295,5,0,342,207,57,103.948,370.658,10461.5,396.0,0.015725
59,0.295,6,290,362,26,28,310.533,371.926,322.0,396.0,0.015725
59,0.295,7,14,315,191,15,105.152,322.962,1309.0,396.0,0.015725
59,0.295,8,684,304,276,81,826.499,344.472,12420.0,396.0,0.015725
59,0.295,9,909,302,15,17,916.606,310.898,163.5,396.0,0.015725
59,0.295,10,32,227,121,6,102.798,220.717,315.0,396.0,0.015725
59,0.295,11,539,219,30,5,553.761,232.899,69.0,396.0,0.015725
59,0.295,12,874,238,59,54,903.404,265.135,2303.5,396.0,0.015725
59,0.295,13,240,224,54,8,272.645,228.458,250.0,396.0,0.015725
59,0.295,14,186,245,145,12,259.235,251.988,879.5,396.0,0.015725
59,0.295,16,62,142,119,39,121.617,161.272,4368.5,396.0,0.015725
59,0.295,17,637,160,10,27,641.802,173.806,184.5,396.0,0.015725
59,0.295,18,44,99,144,37,115.999,117.489,3433.5,396.0,0.015725
59,0.295,19,294,139,38,37,312.785,157.5,1257.0,396.0,0.015725
59,0.295,20,412,134,118,41,471.169,154.65,3767.0,396.0,0.015725
59,0.295,22,0,30,122,107,60.82,83.486,6251.0,396.0,0.015725
59,0.295,23,607,0,353,287,784.13,143.862,49439.5,396.0,0.015725
59,0.295,24,710,0,93,64,756.493,32.0,3045.5,396.0,0.015725
59,0.295,25,691,0,16,77,698.98,38.5,1064.0,396.0,0.015725
59,0.295,26,236,0,392,171,432.026,87.293,41067.0,396.0,0.015725
59,0.295,27,210,0,19,84,219.548,41.968,1151.0,396.0,0.015725
59,0.295,28,98,0,111,70,153.43,35.371,3882.5,396.0,0.015725
59,0.295,29,73,523,134,17,140.916,531.369,1586.0,396.0,0.015725
59,0.295,31,279,340,24,23,293.507,333.724,197.0,396.0,0.015725
59,0.295,34,741,293,55,8,769.278,296.89,269.0,396.0,0.015725
59,0.295,35,84,250,64,8,110.993,252.214,326.0,396.0,0.015725
59,0.295,37,346,229,4,23,348.11,238.012,56.0,396.0,0.015725
59,0.295,38,844,20,17,13,850.728,27.892,72.5,396.0,0.015725
59,0.295,42,674,0,7,31,677.872,15.144,102.5,396.0,0.015725
59,0.295,44,482,0,478,386,720.897,171.534,67968.0,396.0,0.015725
59,0.295,50,672,289,22,5,684.074,291.888,56.5,396.0,0.015725
59,0.295,52,754,53,48,28,784.603,63.563,129.5,396.0,0.015725
59,0.295,57,159,188,71,44,176.158,227.508,1092.5,396.0,0.015725
59,0.295,62,0,433,133,57,39.623,451.615,1466.0,396.0,0.015725
59,0.295,74,885,211,16,14,892.654,217.684,100.0,396.0,0.015725
59,0.295,91,485,244,46,5,501.153,246.317,117.0,396.0,0.015725
59,0.295,92,756,63,28,17,770.0,71.5,87.5,396.0,0.015725
59,0.295,93,880,0,19,14,889.5,7.0,89.0,396.0,0.015725
59,0.295,94,507,243,25,5,519.5,245.5,69.5,396.0,0.015725
59,0.295,95,0,230,28,4,14.0,232.0,56.5,396.0,0.015725
60,0.3,1,0,430,256,110,124.939,471.445,19029.0,396.0,0.012433
60,0.3,2,451,373,500,167,701.367,456.999,54343.0,396.0,0.012433
60,0.3,3,484,368,13,20,490.591,377.984,211.0,396.0,0.012433
60,0.3,4,673,359,31,4,691.956,358.555,77.5,396.0,0.012433
60,0.3,5,0,341,209,60,104.089,370.757,10977.5,396.0,0.012433
60,0.3,6,250,339,145,55,313.491,370.86,5588.5,396.0,0.012433
60,0.3,7,14,316,188,16,106.341,323.437,1368.5,396.0,0.012433
60,0.3,8,684,304,276,81,826.242,344.453,12420.0,396.0,0.012433
60,0.3,9,908,302,17,18,916.569,310.921,191.0,396.0,0.012433
60,0.3,10,0,188,233,49,105.189,219.025,2109.5,396.0,0.012433
60,0.3,11,488,242,99,7,549.564,236.145,314.0,396.0,0.012433
60,0.3,12,874,237,59,57,903.426,265.239,2458.5,396.0,0.012433
60,0.3,13,233,223,92,12,274.112,228.581,573.5,396.0,0.012433
60,0.3,14,186,245,145,12,259.236,251.84,879.5,396.0,0.012433
60,0.3,16,61,141,121,40,121.581,161.203,4517.5,396.0,0.012433
60,0.3,17,638,159,12,28,642.563,173.522,208.5,396.0,0.012433
60,0.3,18,44,99,144,37,115.999,117.49,3502.5,396.0,0.012433
60,0.3,19,293,139,39,37,312.715,157.5,1323.0,396.0,0.012433
60,0.3,20,412,134,119,41,471.254,154.609,3850.0,396.0,0.012433
60,0.3,22,0,30,122,107,60.881,83.493,6314.0,396.0,0.012433
60,0.3,23,607,0,353,287,783.873,143.933,49439.5,396.0,0.012433
60,0.3,24,710,0,93,64,756.498,32.0,3010.5,396.0,0.012433
60,0.3,25,691,0,16,77,698.996,38.5,963.5,396.0,0.012433
60,0.3,26,236,0,392,183,432.004,88.298,41360.0,396.0,0.012433
60,0.3,27,210,0,19,84,219.527,41.978,1168.5,396.0,0.012433
60,0.3,28,98,0,111,71,153.445,35.394,3893.5,396.0,0.012433
60,0.3,29,73,523,134,17,140.81,531.357,1586.0,396.0,0.012433
60,0.3,31,271,317,47,5,294.243,330.359,152.5,396.0,0.012433
60,0.3,34,741,293,55,8,769.176,296.92,269.0,396.0,0.012433
60,0.3,35,0,244,333,17,130.155,252.469,2301.0,396.0,0.012433
60,0.3,37,340,230,10,21,347.088,238.901,64.0,396.0,0.012433
60,0.3,38,844,20,17,13,850.631,27.889,72.5,396.0,0.012433
60,0.3,42,674,0,7,31,677.828,14.944,102.5,396.0,0.012433
60,0.3,44,479,0,481,386,720.363,180.83,67953.0,396.0,0.012433
60,0.3,50,672,290,24,5,684.099,292.142,64.0,396.0,0.012433
60,0.3,52,754,53,48,28,783.891,63.962,129.5,396.0,0.012433
60,0.3,57,159,188,71,44,173.944,225.113,1092.5,396.0,0.012433
60,0.3,62,0,433,133,57,41.501,452.673,1466.0,396.0,0.012433
60,0.3,74,887,212,15,9,893.327,217.212,70.5,396.0,0.012433
60,0.3,91,485,244,46,5,500.51,246.323,117.0,396.0,0.012433
60,0.3,92,756,63,28,17,770.0,71.5,87.5,396.0,0.012433
60,0.3,93,880,0,19,14,889.5,7.0,89.0,396.0,0.012433
60,0.3,94,507,243,25,5,519.5,245.5,69.5,396.0,0.012433
60,0.3,95,0,230,28,4,14.0,232.0,56.5,396.0,0.012433
61,0.305,1,122,448,19,10,127.514,466.529,84.5,396.0,0.011899
61,0.305,2,451,374,500,166,701.283,456.827,52521.5,396.0,0.011899
61,0.305,3,486,369,10,18,490.692,377.977,124.5,396.0,0.011899
61,0.305,4,673,359,31,4,691.811,358.132,77.5,396.0,0.011899
61,0.305,5,0,342,208,56,104.078,370.578,10527.0,396.0,0.011899
61,0.305,6,291,358,19,32,310.272,371.864,297.0,396.0,0.011899
61,0.305,7,14,316,188,16,106.569,323.584,1368.5,396.0,0.011899
61,0.305,8,683,304,277,81,824.355,344.458,12274.0,396.0,0.011899
61,0.305,9,909,302,16,17,916.67,310.81,162.5,396.0,0.011899
61,0.305,10,0,192,230,42,106.998,217.656,1532.0,396.0,0.011899
61,0.305,11,543,218,32,6,551.803,232.32,95.0,396.0,0.011899
61,0.305,12,874,238,59,54,903.446,265.195,2270.5,396.0,0.011899
61,0.305,13,257,224,40,8,274.861,228.427,204.5,396.0,0.011899
61,0.305,14,186,245,145,13,258.945,251.615,899.0,396.0,0.011899
61,0.305,16,62,142,119,39,121.551,161.275,4383.0,396.0,0.011899
61,0.305,17,640,163,6,23,642.72,173.83,79.5,396.0,0.011899
61,0.305,18,44,99,144,37,115.999,117.491,3432.5,396.0,0.011899
61,0.305,19,294,139,38,37,312.785,157.5,1260.5,396.0,0.011899
61,0.305,20,412,134,118,41,471.195,154.575,3777.0,396.0,0.011899
61,0.305,22,0,30,122,107,60.931,83.498,6276.0,396.0,0.011899
61,0.305,23,596,0,364,238,781.38,134.052,42493.0,396.0,0.011899
61,0.305,24,710,0,93,64,756.502,32.0,3050.5,396.0,0.011899
61,0.305,25,691,0,16,77,699.007,38.5,1049.0,396.0,0.011899
61,0.305,26,236,0,392,183,431.988,89.164,41112.5,396.0,0.011899
61,0.305,27,210,0,19,84,219.511,41.986,1164.0,396.0,0.011899
61,0.305,28,98,0,111,71,153.458,35.415,3880.5,396.0,0.011899
61,0.305,29,73,524,130,16,139.628,531.606,1587.0,396.0,0.011899
61,0.305,31,284,340,15,14,293.992,334.862,83.5,396.0,0.011899
61,0.305,34,743,292,50,9,768.647,296.771,269.5,396.0,0.011899
61,0.305,35,85,250,55,9,126.81,253.256,333.5,396.0,0.011899
61,0.305,37,340,230,10,21,347.275,238.864,64.0,396.0,0.011899
61,0.305,38,844,20,17,13,850.533,27.886,72.5,396.0,0.011899
61,0.305,42,676,0,5,37,678.069,16.239,107.0,396.0,0.011899
61,0.305,44,479,0,481,386,720.329,183.072,67953.0,396.0,0.011899
61,0.305,50,672,290,24,5,684.184,292.182,64.0,396.0,0.011899
61,0.305,52,754,53,48,28,783.18,64.361,129.5,396.0,0.011899
61,0.305,57,159,188,71,44,171.729,222.718,1092.5,396.0,0.011899
61,0.305,62,0,462,18,9,29.374,458.932,71.0,396.0,0.011899
61,0.305,74,887,212,15,9,893.339,217.141,70.5,396.0,0.011899
61,0.305,91,485,244,46,5,499.866,246.33,117.0,396.0,0.011899
61,0.305,93,880,0,19,14,889.5,7.0,89.0,396.0,0.011899
61,0.305,94,507,243,25,5,519.5,245.5,69.5,396.0,0.011899
61,0.305,95,0,230,28,4,14.0,232.0,56.5,396.0,0.011899
61,0.305,96,46,432,116,59,104.0,461.5,2083.5,396.0,0.011899
61,0.305,97,252,383,12,9,258.0,387.5,66.0,396.0,0.011899
61,0.305,98,678,231,221,54,788.5,258.0,6830.0,396.0,0.011899
62,0.31,1,0,430,257,110,128.785,470.741,18904.0,396.0,0.012281
62,0.31,2,451,373,500,167,701.21,456.576,54477.0,396.0,0.012281
62,0.31,3,484,368,13,20,490.648,377.973,208.0,396.0,0.012281
62,0.31,4,672,359,32,4,690.336,358.903,70.0,396.0,0.012281
62,0.31,5,0,341,209,60,104.197,370.686,10955.5,396.0,0.012281
62,0.31,6,250,339,146,55,313.399,370.728,5588.0,396.0,0.012281
62,0.31,7,31,316,72,12,90.957,323.042,363.0,396.0,0.012281
62,0.31,8,682,303,278,83,822.947,344.46,13494.0,396.0,0.012281
62,0.31,9,908,302,17,18,916.627,310.847,185.0,396.0,0.012281
62,0.31,10,0,188,232,49,108.903,216.334,2066.5,396.0,0.012281
62,0.31,11,485,242,93,7,546.457,235.564,266.0,396.0,0.012281
62,0.31,12,874,237,59,56,903.462,265.156,2470.0,396.0,0.012281
62,0.31,13,234,223,80,11,274.712,228.427,503.5,396.0,0.012281
62,0.31,14,227,268,32,3,253.536,257.552,62.0,396.0,0.012281
62,0.31,16,61,141,121,40,121.526,161.206,4500.5,396.0,0.012281
62,0.31,17,637,160,13,27,642.982,173.749,230.5,396.0,0.012281
62,0.31,18,44,99,145,37,116.13,117.493,3488.0,396.0,0.012281
62,0.31,19,293,139,39,37,312.715,157.5,1308.5,396.0,0.012281
62,0.31,20,412,134,119,41,471.275,154.546,3834.5,396.0,0.012281
62,0.31,22,0,30,121,107,60.84,83.502,6291.0,396.0,0.012281
62,0.31,23,596,0,364,238,780.847,132.896,42493.0,396.0,0.012281
62,0.31,24,710,0,93,64,756.505,32.0,2993.5,396.0,0.012281
62,0.31,25,691,0,16,77,699.015,38.5,974.0,396.0,0.012281
62,0.31,26,236,0,392,183,431.976,89.893,41244.5,396.0,0.012281
62,0.31,27,210,0,19,84,219.499,41.993,1156.5,396.0,0.012281
62,0.31,28,98,0,111,71,153.469,35.433,3890.0,396.0,0.012281
62,0.31,29,73,524,130,16,139.39,531.626,1587.0,396.0,0.012281
62,0.31,31,282,317,31,5,295.303,331.345,82.0,396.0,0.012281
62,0.31,34,743,292,50,9,768.493,296.779,269.5,396.0,0.012281
62,0.31,35,0,245,333,16,139.645,253.405,2417.0,396.0,0.012281
62,0.31,37,340,231,10,20,346.481,239.693,65.0,396.0,0.012281
62,0.31,38,844,20,17,13,850.436,27.883,72.5,396.0,0.012281
62,0.31,42,676,0,5,37,678.06,16.224,107.0,396.0,0.012281
62,0.31,44,480,0,480,313,720.178,173.845,54301.0,396.0,0.012281
62,0.31,50,672,290,24,5,684.269,292.221,64.0,396.0,0.012281
62,0.31,52,754,53,48,28,782.468,64.759,129.5,396.0,0.012281
62,0.31,57,159,188,71,44,169.514,220.323,1092.5,396.0,0.012281
62,0.31,62,0,462,18,9,29.577,460.612,71.0,396.0,0.012281
62,0.31,74,886,212,17,14,893.796,217.817,101.0,396.0,0.012281
62,0.31,91,485,244,46,5,499.223,246.337,117.0,396.0,0.012281
62,0.31,93,880,0,19,14,889.5,7.0,89.0,396.0,0.012281
62,0.31,95,0,230,28,4,14.0,232.0,56.5,396.0,0.012281
62,0.31,96,46,432,116,59,104.0,461.5,2083.5,396.0,0.012281
62,0.31,97,252,383,12,9,258.0,387.5,66.0,396.0,0.012281
62,0.31,98,678,231,221,54,788.5,258.0,6830.0,396.0,0.012281
62,0.31,99,106,318,97,13,154.5,324.5,614.5,396.0,0.012281
63,0.315,1,46,432,123,59,124.224,468.258,2166.5,396.0,0.01304
63,0.315,2,451,374,500,166,701.148,456.519,52638.0,396.0,0.01304
63,0.315,3,485,369,11,18,490.61,377.971,134.0,396.0,0.01304
63,0.315,4,708,326,10,8,697.442,349.384,51.0,396.0,0.01304
63,0.315,5,0,342,208,56,104.166,370.515,10445.0,396.0,0.01304
63,0.315,6,288,351,33,32,311.243,369.858,530.5,396.0,0.01304
63,0.315,7,31,316,72,12,89.232,323.105,363.0,396.0,0.01304
63,0.315,8,684,304,276,81,822.242,344.462,11985.5,396.0,0.01304
63,0.315,9,909,302,15,17,916.59,310.75,158.5,396.0,0.01304
63,0.315,10,14,188,216,45,112.151,214.688,1513.0,396.0,0.01304
63,0.315,11,539,219,24,4,547.081,231.894,50.0,396.0,0.01304
63,0.315,12,874,238,59,54,903.476,265.12,2314.0,396.0,0.01304
63,0.315,13,239,224,54,8,272.484,228.3,248.5,396.0,0.01304
63,0.315,14,184,245,148,13,254.405,256.127,896.5,396.0,0.01304
63,0.315,16,62,142,119,39,121.508,161.278,4372.5,396.0,0.01304
63,0.315,17,637,160,13,27,643.051,173.761,230.5,396.0,0.01304
63,0.315,18,44,99,144,37,116.11,117.494,3420.5,396.0,0.01304
63,0.315,19,294,139,38,37,312.785,157.5,1252.5,396.0,0.01304
63,0.315,20,412,134,118,41,471.212,154.524,3781.5,396.0,0.01304
63,0.315,22,0,30,122,107,60.89,83.505,6256.5,396.0,0.01304
63,0.315,23,610,0,350,286,782.179,136.222,49429.5,396.0,0.01304
63,0.315,24,710,0,93,64,756.507,32.0,3051.5,396.0,0.01304
63,0.315,25,691,0,16,77,699.02,38.5,1047.0,396.0,0.01304
63,0.315,26,236,0,393,166,432.099,88.272,41071.0,396.0,0.01304
63,0.315,27,210,0,19,84,219.49,41.998,1145.0,396.0,0.01304
63,0.315,28,98,0,111,71,153.479,35.449,3880.5,396.0,0.01304
63,0.315,29,72,524,146,16,141.48,531.787,1671.0,396.0,0.01304
63,0.315,31,288,340,16,6,295.957,334.489,54.5,396.0,0.01304
63,0.315,34,751,292,42,9,769.796,296.673,235.5,396.0,0.01304
63,0.315,35,84,250,70,9,136.566,253.916,403.5,396.0,0.01304
63,0.315,37,340,231,10,20,346.546,239.763,65.0,396.0,0.01304
63,0.315,38,843,18,23,15,852.719,26.519,85.5,396.0,0.01304
63,0.315,42,675,0,6,47,678.031,19.11,127.0,396.0,0.01304
63,0.315,44,480,0,480,313,720.129,174.673,54301.0,396.0,0.01304
63,0.315,50,672,290,24,5,684.353,292.261,64.0,396.0,0.01304
63,0.315,52,737,70,35,20,767.513,72.914,104.0,396.0,0.01304
63,0.315,57,159,188,71,44,167.3,217.929,1092.5,396.0,0.01304
63,0.315,62,0,451,19,21,21.642,461.974,207.0,396.0,0.01304
63,0.315,74,886,212,17,14,893.862,217.836,101.0,396.0,0.01304
63,0.315,91,485,244,46,5,498.579,246.344,117.0,396.0,0.01304
63,0.315,93,880,0,19,14,889.5,7.0,89.0,396.0,0.01304
63,0.315,95,0,230,28,4,14.0,232.0,56.5,396.0,0.01304
63,0.315,96,46,432,116,59,104.0,461.5,2083.5,396.0,0.01304
63,0.315,97,251,341,15,8,258.455,348.862,59.0,396.0,0.01304
63,0.315,98,678,231,221,54,788.5,258.0,6830.0,396.0,0.01304
63,0.315,99,106,318,97,13,154.5,324.5,614.5,396.0,0.01304
64,0.32,1,0,430,259,110,125.963,472.306,18949.5,396.0,0.01205
64,0.32,2,451,373,500,167,701.096,456.364,54521.5,396.0,0.01205
64,0.32,3,484,368,13,20,490.578,377.971,209.0,396.0,0.01205
64,0.32,4,667,359,38,5,694.494,351.95,94.0,396.0,0.01205
64,0.32,5,0,341,209,60,104.268,370.631,10984.5,396.0,0.01205
64,0.32,6,250,339,146,55,314.226,368.974,5589.0,396.0,0.01205
64,0.32,7,13,316,189,16,95.465,323.499,1219.0,396.0,0.01205
64,0.32,8,681,303,279,82,821.308,344.323,13438.0,396.0,0.01205
64,0.32,9,909,302,16,17,916.69,310.668,183.0,396.0,0.01205
64,0.32,10,0,187,233,50,113.491,213.703,2122.5,396.0,0.01205
64,0.32,11,486,242,98,7,543.503,235.186,297.0,396.0,0.01205
64,0.32,12,873,237,60,56,903.356,265.09,2454.0,396.0,0.01205
64,0.32,13,233,223,97,12,274.64,228.455,584.0,396.0,0.01205
64,0.32,14,184,245,148,13,253.902,256.468,896.5,396.0,0.01205
64,0.32,16,61,141,121,40,121.493,161.209,4516.0,396.0,0.01205
64,0.32,17,638,158,9,29,642.907,173.337,184.0,396.0,0.01205
64,0.32,18,44,99,145,37,116.222,117.495,3500.0,396.0,0.01205
64,0.32,19,293,139,39,37,312.715,157.5,1327.0,396.0,0.01205
64,0.32,20,412,134,119,41,471.288,154.506,3847.5,396.0,0.01205
64,0.32,22,0,30,122,107,60.931,83.507,6326.0,396.0,0.01205
64,0.32,23,610,0,350,286,781.876,135.619,49429.5,396.0,0.01205
64,0.32,24,710,0,93,64,756.508,32.0,2997.5,396.0,0.01205
64,0.32,25,691,0,16,77,699.024,38.5,970.5,396.0,0.01205
64,0.32,26,236,0,392,183,432.075,89.094,41321.5,396.0,0.01205
64,0.32,27,210,0,19,84,219.483,42.002,1180.0,396.0,0.01205
64,0.32,28,98,0,111,71,153.487,35.463,3896.0,396.0,0.01205
64,0.32,29,72,524,146,16,141.528,531.824,1671.0,396.0,0.01205
64,0.32,31,289,317,25,5,297.882,330.971,77.0,396.0,0.01205
64,0.32,34,751,292,42,9,769.821,296.667,235.5,396.0,0.01205
64,0.32,35,0,244,334,18,146.642,253.905,2604.0,396.0,0.01205
64,0.32,37,340,231,10,21,345.969,240.498,69.5,396.0,0.01205
64,0.32,38,843,18,23,15,852.864,26.377,85.5,396.0,0.01205
64,0.32,42,675,0,6,47,678.02,19.453,127.0,396.0,0.01205
64,0.32,44,482,0,478,314,720.447,168.137,55099.5,396.0,0.01205
64,0.32,50,672,290,24,5,684.438,292.3,64.0,396.0,0.01205
64,0.32,52,737,70,35,20,765.208,74.18,104.0,396.0,0.01205
64,0.32,57,159,188,71,44,165.085,215.534,1092.5,396.0,0.01205
64,0.32,62,0,451,19,21,20.853,463.616,207.0,396.0,0.01205
64,0.32,74,886,212,17,15,894.151,218.497,93.0,396.0,0.01205
64,0.32,93,880,0,19,14,889.5,7.0,89.0,396.0,0.01205
64,0.32,95,0,230,28,4,14.0,232.0,56.5,396.0,0.01205
64,0.32,96,46,432,116,59,104.0,461.5,2083.5,396.0,0.01205
64,0.32,97,251,341,15,8,258.636,333.408,59.0,396.0,0.01205
64,0.32,98,678,231,221,54,788.5,258.0,6830.0,396.0,0.01205
64,0.32,99,106,318,97,13,154.5,324.5,614.5,396.0,0.01205
65,0.325,1,45,431,130,60,122.286,469.512,2631.0,395.0,0.009912
65,0.325,2,451,393,500,147,701.054,458.868,51965.5,395.0,0.009912
65,0.325,3,485,369,11,18,490.551,377.972,139.5,395.0,0.009912
65,0.325,4,668,374,49,19,694.061,360.189,494.0,395.0,0.009912
65,0.325,5,0,342,208,57,104.221,370.6,10578.5,395.0,0.009912
65,0.325,6,293,348,21,41,311.671,368.749,429.0,395.0,0.009912
65,0.325,7,13,316,189,16,94.721,323.602,1219.0,395.0,0.009912
65,0.325,8,683,304,277,81,820.881,344.351,12332.0,395.0,0.009912
65,0.325,9,909,303,15,16,916.645,310.732,156.5,395.0,0.009912
65,0.325,10,27,192,202,41,117.602,213.041,1460.0,395.0,0.009912
65,0.325,11,486,242,98,7,542.496,235.36,297.0,395.0,0.009912
65,0.325,12,874,238,59,54,903.385,265.063,2256.5,395.0,0.009912
65,0.325,13,258,225,32,7,274.536,228.461,164.0,395.0,0.009912
65,0.325,14,174,245,157,14,253.09,255.158,942.5,395.0,0.009912
65,0.325,16,62,142,120,39,121.614,161.281,4380.0,395.0,0.009912
65,0.325,17,638,158,9,29,642.948,173.29,184.0,395.0,0.009912
65,0.325,18,44,99,144,37,116.185,117.496,3433.5,395.0,0.009912
65,0.325,19,294,139,38,37,312.785,157.5,1267.0,395.0,0.009912
65,0.325,20,412,134,118,41,471.222,154.493,3766.5,395.0,0.009912
65,0.325,22,0,30,121,107,60.834,83.508,6273.0,395.0,0.009912
65,0.325,23,605,0,355,286,781.942,138.193,49262.5,395.0,0.009912
65,0.325,24,710,0,93,64,756.508,32.0,3055.5,395.0,0.009912
65,0.325,25,691,0,16,77,699.025,38.5,1032.0,395.0,0.009912
65,0.325,26,236,0,392,171,432.054,88.225,41062.5,395.0,0.009912
65,0.325,27,210,0,19,84,219.479,42.005,1150.0,395.0,0.009912
65,0.325,28,98,0,111,70,153.493,35.344,3874.5,395.0,0.009912
65,0.325,29,71,524,143,16,141.945,531.917,1732.5,395.0,0.009912
65,0.325,31,250,341,13,13,287.655,335.269,61.0,395.0,0.009912
65,0.325,34,756,293,37,8,771.699,296.796,191.0,395.0,0.009912
65,0.325,35,84,250,59,10,140.587,254.396,418.5,395.0,0.009912
65,0.325,37,340,231,10,21,345.955,240.651,69.5,395.0,0.009912
65,0.325,38,843,18,23,15,853.009,26.235,85.5,395.0,0.009912
65,0.325,42,675,0,6,24,678.005,16.692,72.0,395.0,0.009912
65,0.325,44,482,0,478,314,720.444,168.057,55099.5,395.0,0.009912
65,0.325,50,672,290,24,5,684.523,292.34,64.0,395.0,0.009912
65,0.325,52,737,70,35,20,762.904,75.446,104.0,395.0,0.009912
65,0.325,62,0,434,43,20,20.637,456.768,179.0,395.0,0.009912
65,0.325,74,886,212,17,15,894.244,218.595,93.0,395.0,0.009912
65,0.325,96,46,432,116,59,104.0,461.5,2083.5,395.0,0.009912
65,0.325,97,251,341,15,8,258.818,317.954,59.0,395.0,0.009912
65,0.325,98,678,231,221,54,788.5,258.0,6830.0,395.0,0.009912
65,0.325,99,106,318,97,13,154.5,324.5,614.5,395.0,0.009912
66,0.33,1,0,430,258,110,124.064,473.393,18962.0,396.0,0.012416
66,0.33,2,451,373,500,167,701.022,458.398,54431.5,396.0,0.012416
66,0.33,3,484,368,14,20,490.66,377.973,212.0,396.0,0.012416
66,0.33,4,672,359,33,4,692.614,360.63,86.0,396.0,0.012416
66,0.33,5,0,341,209,59,104.309,370.574,10941.0,396.0,0.012416
66,0.33,6,250,339,145,55,314.435,368.05,5545.5,396.0,0.012416
66,0.33,7,36,320,13,7,73.488,323.624,62.5,396.0,0.012416
66,0.33,8,680,304,280,82,820.186,344.509,13518.0,396.0,0.012416
66,0.33,9,908,302,17,18,916.606,310.79,190.0,396.0,0.012416
66,0.33,10,0,188,231,49,117.772,212.531,2071.0,396.0,0.012416
66,0.33,11,484,242,95,7,538.271,238.745,292.0,396.0,0.012416
66,0.33,12,874,237,59,56,903.41,265.042,2453.0,396.0,0.012416
66,0.33,13,233,223,95,11,276.137,228.466,551.5,396.0,0.012416
66,0.33,14,174,245,157,14,252.547,255.282,942.5,396.0,0.012416
66,0.33,16,61,141,121,40,121.587,161.212,4509.5,396.0,0.012416
66,0.33,17,637,160,10,27,642.621,173.339,186.0,396.0,0.012416
66,0.33,18,44,99,145,37,116.281,117.497,3502.0,396.0,0.012416
66,0.33,19,293,139,39,37,312.715,157.5,1329.5,396.0,0.012416
66,0.33,20,412,134,119,41,471.295,154.483,3846.5,396.0,0.012416
66,0.33,22,0,30,122,107,60.88,83.508,6296.5,396.0,0.012416
66,0.33,23,605,0,355,286,781.684,137.982,49262.5,396.0,0.012416
66,0.33,24,710,0,93,64,756.508,32.0,3015.5,396.0,0.012416
66,0.33,25,691,0,16,77,699.025,38.5,968.5,396.0,0.012416
66,0.33,26,236,0,392,183,432.037,89.046,41295.5,396.0,0.012416
66,0.33,27,210,0,19,84,219.477,42.007,1167.5,396.0,0.012416
66,0.33,28,99,0,110,71,153.629,35.374,3885.5,396.0,0.012416
66,0.33,29,71,524,143,16,142.039,531.961,1732.5,396.0,0.012416
66,0.33,31,285,316,31,6,290.429,331.448,93.5,396.0,0.012416
66,0.33,34,756,293,37,8,771.953,296.806,191.0,396.0,0.012416
66,0.33,35,0,245,334,17,149.218,254.385,2695.0,396.0,0.012416
66,0.33,37,340,231,10,21,345.941,240.803,69.5,396.0,0.012416
66,0.33,38,843,18,23,15,853.155,26.093,85.5,396.0,0.012416
66,0.33,42,675,0,6,24,677.994,16.652,72.0,396.0,0.012416
66,0.33,44,481,0,479,313,720.464,163.409,55051.0,396.0,0.012416
66,0.33,52,737,70,35,20,760.599,76.712,104.0,396.0,0.012416
66,0.33,62,0,434,43,20,19.919,457.364,179.0,396.0,0.012416
66,0.33,74,887,212,16,14,894.599,218.813,74.5,396.0,0.012416
66,0.33,96,46,432,116,59,104.0,461.5,2083.5,396.0,0.012416
66,0.33,97,251,341,15,8,259.0,302.5,59.0,396.0,0.012416
66,0.33,98,678,231,221,54,788.5,258.0,6830.0,396.0,0.012416
66,0.33,99,141,319,62,12,171.501,324.986,459.5,396.0,0.012416
67,0.335,1,46,431,140,59,122.17,470.303,2508.5,396.0,0.011291
67,0.335,2,451,389,500,151,700.996,460.069,52158.5,396.0,0.011291
67,0.335,3,485,369,11,18,490.623,377.976,129.5,396.0,0.011291
67,0.335,4,667,374,43,15,691.429,366.441,453.5,396.0,0.011291
67,0.335,5,0,342,208,56,104.25,370.42,10493.5,396.0,0.011291
67,0.335,6,280,340,40,50,310.906,367.082,476.5,396.0,0.011291
67,0.335,7,36,320,13,7,70.218,323.717,62.5,396.0,0.011291
67,0.335,8,683,303,277,82,820.065,344.377,12363.5,396.0,0.011291
67,0.335,9,909,302,16,18,916.704,310.841,172.0,396.0,0.011291
67,0.335,10,0,226,162,8,108.793,216.727,419.0,396.0,0.011291
67,0.335,11,484,242,95,7,536.806,239.376,292.0,396.0,0.011291
67,0.335,12,875,238,58,54,903.563,265.024,2273.5,396.0,0.011291
67,0.335,13,246,224,46,8,274.482,228.341,184.5,396.0,0.011291
67,0.335,14,184,245,147,14,254.042,254.142,892.0,396.0,0.011291
67,0.335,16,62,142,120,39,121.694,161.283,4383.0,396.0,0.011291
67,0.335,17,637,160,10,27,642.613,173.304,186.0,396.0,0.011291
67,0.335,18,44,99,144,37,116.229,117.498,3431.5,396.0,0.011291
67,0.335,19,294,139,38,37,312.785,157.5,1263.0,396.0,0.011291
67,0.335,20,412,134,118,41,471.226,154.477,3769.5,396.0,0.011291
67,0.335,22,0,30,121,107,60.787,83.508,6262.0,396.0,0.011291
67,0.335,23,610,0,350,287,782.849,140.051,49312.0,396.0,0.011291
67,0.335,24,710,0,93,64,756.508,32.0,3042.5,396.0,0.011291
67,0.335,25,691,0,16,77,699.024,38.5,1058.0,396.0,0.011291
67,0.335,26,236,0,392,170,432.022,88.049,41064.5,396.0,0.011291
67,0.335,27,211,0,18,84,219.607,42.008,1126.5,396.0,0.011291
67,0.335,28,98,0,111,70,153.612,35.27,3870.0,396.0,0.011291
67,0.335,29,73,523,136,17,141.682,531.804,1591.5,396.0,0.011291
67,0.335,31,251,341,21,7,282.649,334.827,65.5,396.0,0.011291
67,0.335,34,743,293,48,8,770.134,296.89,244.5,396.0,0.011291
67,0.335,35,84,250,55,11,141.673,254.868,374.0,396.0,0.011291
67,0.335,37,340,231,10,21,345.927,240.956,69.5,396.0,0.011291
67,0.335,38,850,17,19,12,856.844,24.264,69.0,396.0,0.011291
67,0.335,42,676,0,5,35,678.188,16.965,83.5,396.0,0.011291
67,0.335,44,481,0,479,313,720.464,162.766,55051.0,396.0,0.011291
67,0.335,52,785,48,28,16,781.189,65.617,96.5,396.0,0.011291
67,0.335,62,0,448,17,19,14.931,457.776,119.5,396.0,0.011291
67,0.335,74,887,212,16,14,894.724,218.926,74.5,396.0,0.011291
67,0.335,97,251,341,15,8,259.182,287.046,59.0,396.0,0.011291
67,0.335,99,141,319,62,12,175.502,325.1,459.5,396.0,0.011291
67,0.335,100,268,368,17,13,276.5,374.5,75.0,396.0,0.011291
67,0.335,101,167,188,63,44,198.5,210.0,1099.5,396.0,0.011291
68,0.34,1,0,430,257,110,123.8,474.047,18943.5,396.0,0.014321
68,0.34,2,451,373,500,167,700.978,459.382,54497.0,396.0,0.014321
68,0.34,3,484,368,13,20,490.59,377.978,208.5,396.0,0.014321
68,0.34,4,667,359,37,5,689.667,365.946,87.0,396.0,0.014321
68,0.34,5,0,341,209,60,104.328,370.552,10977.5,396.0,0.014321
68,0.34,6,250,339,146,55,313.891,366.68,5601.5,396.0,0.014321
68,0.34,7,75,318,19,9,73.934,323.289,107.5,396.0,0.014321
68,0.34,8,682,303,278,82,819.895,344.267,13583.0,396.0,0.014321
68,0.34,9,908,302,17,18,916.657,310.884,189.0,396.0,0.014321
68,0.34,10,0,187,234,53,110.501,216.024,2164.0,396.0,0.014321
68,0.34,11,487,242,84,7,533.039,242.001,268.0,396.0,0.014321
68,0.34,12,874,236,60,57,903.693,264.879,2490.0,396.0,0.014321
68,0.34,13,234,223,95,11,276.316,228.366,607.0,396.0,0.014321
68,0.34,14,184,245,147,14,253.765,254.101,892.0,396.0,0.014321
68,0.34,16,61,141,121,40,121.655,161.213,4520.5,396.0,0.014321
68,0.34,17,638,159,9,28,642.565,173.166,175.5,396.0,0.014321
68,0.34,18,44,99,144,37,116.182,117.499,3491.5,396.0,0.014321
68,0.34,19,293,139,39,37,312.715,157.5,1331.5,396.0,0.014321
68,0.34,20,412,133,119,43,471.297,154.473,3875.0,396.0,0.014321
68,0.34,22,0,30,122,107,60.839,83.508,6305.5,396.0,0.014321
68,0.34,23,610,0,350,287,782.767,140.12,49312.0,396.0,0.014321
68,0.34,24,710,0,93,64,756.508,32.0,2997.5,396.0,0.014321
68,0.34,25,691,0,16,77,699.023,38.5,959.5,396.0,0.014321
68,0.34,26,236,0,392,183,432.011,88.894,41377.0,396.0,0.014321
68,0.34,27,210,0,19,84,219.588,42.008,1174.5,396.0,0.014321
68,0.34,28,99,0,110,71,153.727,35.314,3879.0,396.0,0.014321
68,0.34,29,73,523,136,17,141.72,531.824,1591.5,396.0,0.014321
68,0.34,31,251,341,21,7,281.268,335.279,65.5,396.0,0.014321
68,0.34,34,743,293,48,8,770.132,296.909,244.5,396.0,0.014321
68,0.34,35,0,245,333,17,149.393,254.724,2874.5,396.0,0.014321
68,0.34,37,341,230,9,13,345.699,238.722,58.0,396.0,0.014321
68,0.34,38,850,17,19,12,857.349,23.952,69.0,396.0,0.014321
68,0.34,42,676,0,5,35,678.202,16.969,83.5,396.0,0.014321
68,0.34,44,481,0,479,313,720.478,159.885,54600.5,396.0,0.014321
68,0.34,52,785,48,28,16,781.293,65.582,96.5,396.0,0.014321
68,0.34,62,0,448,17,19,13.684,458.349,119.5,396.0,0.014321
68,0.34,74,887,212,16,14,894.85,219.039,74.5,396.0,0.014321
68,0.34,97,251,341,15,8,259.364,271.592,59.0,396.0,0.014321
68,0.34,99,122,319,80,12,166.868,325.06,491.5,396.0,0.014321
68,0.34,100,268,368,17,13,276.5,374.5,75.0,396.0,0.014321
68,0.34,101,167,188,63,44,198.5,210.0,1099.5,396.0,0.014321
68,0.34,102,0,322,20,6,10.0,325.0,57.5,396.0,0.014321
68,0.34,103,41,321,16,7,49.0,324.5,66.0,396.0,0.014321
68,0.34,104,672,289,21,7,682.5,292.5,76.0,396.0,0.014321
69,0.345,1,0,432,179,59,114.992,471.091,3654.0,396.0,0.01207
69,0.345,2,451,374,500,166,700.965,458.895,52817.0,396.0,0.01207
69,0.345,3,485,369,11,19,490.563,378.112,150.0,396.0,0.01207
69,0.345,4,667,359,37,5,689.184,366.815,87.0,396.0,0.01207
69,0.345,5,0,342,208,56,104.262,370.406,10512.0,396.0,0.01207
69,0.345,6,279,341,47,49,311.089,366.114,924.0,396.0,0.01207
69,0.345,7,75,318,19,9,71.526,323.318,107.5,396.0,0.01207
69,0.345,8,683,305,277,80,819.942,344.437,12424.5,396.0,0.01207
69,0.345,9,909,302,16,17,916.747,310.79,166.5,396.0,0.01207
69,0.345,10,15,226,149,7,104.826,219.589,407.0,396.0,0.01207
69,0.345,11,543,219,32,5,540.233,235.98,90.5,396.0,0.01207
69,0.345,12,874,238,59,54,903.67,264.889,2326.5,396.0,0.01207
69,0.345,13,248,224,49,9,275.518,228.389,260.0,396.0,0.01207
69,0.345,14,181,245,151,15,254.653,253.456,934.5,396.0,0.01207
69,0.345,16,61,142,120,39,121.489,161.284,4384.0,396.0,0.01207
69,0.345,17,639,161,8,25,642.702,173.246,118.0,396.0,0.01207
69,0.345,18,44,99,144,37,116.141,117.499,3449.5,396.0,0.01207
69,0.345,19,294,139,38,37,312.785,157.5,1260.0,396.0,0.01207
69,0.345,20,412,134,118,41,471.227,154.471,3784.5,396.0,0.01207
69,0.345,22,0,30,121,107,60.753,83.508,6261.5,396.0,0.01207
69,0.345,23,605,0,355,287,782.611,141.507,49755.0,396.0,0.01207
69,0.345,24,710,0,93,64,756.507,32.0,3043.5,396.0,0.01207
69,0.345,25,691,0,16,77,699.021,38.5,1038.0,396.0,0.01207
69,0.345,26,236,0,392,183,432.002,89.618,41216.0,396.0,0.01207
69,0.345,27,210,0,19,84,219.57,42.008,1166.0,396.0,0.01207
69,0.345,28,98,0,111,70,153.691,35.222,3892.0,396.0,0.01207
69,0.345,29,73,521,138,19,141.855,531.309,1768.5,396.0,0.01207
69,0.345,31,251,341,16,12,273.136,339.374,137.0,396.0,0.01207
69,0.345,34,739,293,56,8,768.885,296.957,285.0,396.0,0.01207
69,0.345,35,84,250,85,11,145.235,255.095,653.0,396.0,0.01207
69,0.345,37,341,230,9,13,345.661,238.602,58.0,396.0,0.01207
69,0.345,38,850,17,19,12,857.853,23.639,69.0,396.0,0.01207
69,0.345,42,674,0,7,33,677.931,16.784,100.0,396.0,0.01207
69,0.345,44,481,0,479,313,720.479,158.966,54600.5,396.0,0.01207
69,0.345,52,785,48,28,16,781.398,65.547,96.5,396.0,0.01207
69,0.345,62,0,448,17,19,12.438,458.923,119.5,396.0,0.01207
69,0.345,74,887,212,16,14,894.975,219.152,74.5,396.0,0.01207
69,0.345,99,122,319,80,12,168.035,325.139,491.5,396.0,0.01207
69,0.345,100,252,363,31,30,268.318,377.682,477.5,396.0,0.01207
69,0.345,101,168,188,62,44,198.955,210.0,1131.0,396.0,0.01207
69,0.345,102,0,322,20,6,10.0,325.0,57.5,396.0,0.01207
69,0.345,103,41,321,16,7,49.0,324.5,66.0,396.0,0.01207
69,0.345,104,672,289,21,7,682.5,292.5,76.0,396.0,0.01207
70,0.35,1,0,430,256,110,117.568,474.681,18875.0,262.0,0.011131
70,0.35,2,451,373,500,167,700.957,458.331,54470.5,262.0,0.011131
70,0.35,3,484,368,13,20,490.541,378.095,212.5,262.0,0.011131
70,0.35,4,673,359,31,4,688.636,365.527,82.5,262.0,0.011131
70,0.35,5,0,341,208,59,104.202,370.413,10925.0,262.0,0.011131
70,0.35,6,250,339,145,55,313.916,365.934,5594.5,262.0,0.011131
70,0.35,7,75,318,19,9,69.117,323.347,107.5,262.0,0.011131
70,0.35,8,681,303,279,83,819.774,344.454,13520.5,262.0,0.011131
70,0.35,9,908,302,17,18,916.692,310.84,186.0,262.0,0.011131
70,0.35,10,0,188,233,49,107.101,218.161,2068.0,262.0,0.011131
70,0.35,11,504,242,78,6,540.655,238.657,234.5,262.0,0.011131
70,0.35,12,874,237,59,57,903.647,265.03,2482.5,262.0,0.011131
70,0.35,13,233,223,89,11,276.119,228.411,532.0,262.0,0.011131
70,0.35,14,181,245,151,15,254.524,253.338,934.5,262.0,0.011131
70,0.35,16,61,141,121,40,121.478,161.214,4524.5,262.0,0.011131
70,0.35,17,637,157,10,30,642.493,172.845,185.0,262.0,0.011131
70,0.35,18,44,99,144,37,116.105,117.5,3488.5,262.0,0.011131
70,0.35,19,293,139,39,37,312.715,157.5,1310.5,262.0,0.011131
70,0.35,20,412,134,119,41,471.297,154.471,3851.0,262.0,0.011131
70,0.35,22,0,30,122,107,60.81,83.507,6299.0,262.0,0.011131
70,0.35,23,605,0,355,287,782.52,141.74,49755.0,262.0,0.011131
70,0.35,24,710,0,93,64,756.506,32.0,3006.5,262.0,0.011131
70,0.35,25,691,0,16,77,699.018,38.5,962.5,262.0,0.011131
70,0.35,26,236,0,392,183,431.995,90.225,41285.0,262.0,0.011131
70,0.35,27,210,0,19,84,219.554,42.008,1149.5,262.0,0.011131
70,0.35,28,98,0,111,71,153.657,35.277,3889.0,262.0,0.011131
70,0.35,29,73,521,138,19,141.905,531.262,1768.5,262.0,0.011131
70,0.35,31,251,341,16,12,270.792,340.345,137.0,262.0,0.011131
70,0.35,34,739,293,56,8,768.729,296.98,285.0,262.0,0.011131
70,0.35,35,0,245,333,18,151.959,254.99,2991.5,262.0,0.011131
70,0.35,37,341,230,9,21,345.567,239.394,60.0,262.0,0.011131
70,0.35,38,850,17,19,12,858.358,23.326,69.0,262.0,0.011131
70,0.35,42,674,0,7,33,677.91,16.764,100.0,262.0,0.011131
70,0.35,44,480,0,480,313,720.29,157.431,55063.5,262.0,0.011131
70,0.35,52,785,48,28,16,781.503,65.512,96.5,262.0,0.011131
70,0.35,62,0,448,17,19,11.191,459.496,119.5,262.0,0.011131
70,0.35,74,887,212,16,14,895.101,219.265,74.5,262.0,0.011131
70,0.35,99,152,320,48,12,173.499,325.713,372.0,262.0,0.011131
70,0.35,100,252,363,31,30,265.045,378.955,477.5,262.0,0.011131
70,0.35,101,168,188,62,44,199.136,210.0,1131.0,262.0,0.011131
70,0.35,102,0,322,20,6,10.0,325.0,57.5,262.0,0.011131
70,0.35,103,41,321,16,7,49.0,324.5,66.0,262.0,0.011131
70,0.35,104,672,289,21,7,682.5,292.5,76.0,262.0,0.011131
71,0.355,1,108,460,20,16,117.259,473.287,113.5,396.0,0.013686
71,0.355,2,451,391,500,149,700.953,460.197,52113.5,396.0,0.013686
71,0.355,3,485,369,11,18,490.522,378.078,139.5,396.0,0.013686
71,0.355,4,667,374,44,17,688.402,371.031,480.5,396.0,0.013686
71,0.355,5,0,342,207,56,104.02,370.29,10501.0,396.0,0.013686
71,0.355,6,292,366,15,23,310.323,368.697,130.5,396.0,0.013686
71,0.355,7,75,318,19,9,66.709,323.376,107.5,396.0,0.013686
71,0.355,8,722,304,238,81,825.041,344.468,11835.0,396.0,0.013686
71,0.355,9,909,302,15,18,916.645,310.883,160.5,396.0,0.013686
71,0.355,10,8,188,222,46,109.796,216.496,1521.5,396.0,0.013686
71,0.355,11,546,219,32,4,546.378,233.902,69.0,396.0,0.013686
71,0.355,12,874,238,58,54,903.493,265.022,2226.0,396.0,0.013686
71,0.355,13,261,225,35,8,276.877,228.561,149.5,396.0,0.013686
71,0.355,14,183,245,149,15,255.619,252.936,963.0,396.0,0.013686
71,0.355,16,62,142,119,39,121.471,161.285,4376.5,396.0,0.013686
71,0.355,17,637,157,10,30,642.471,172.766,185.0,396.0,0.013686
71,0.355,18,44,99,144,37,116.074,117.5,3424.5,396.0,0.013686
71,0.355,19,294,139,38,37,312.785,157.5,1247.0,396.0,0.013686
71,0.355,20,412,134,118,41,471.226,154.472,3768.5,396.0,0.013686
71,0.355,22,0,30,121,107,60.729,83.506,6247.5,396.0,0.013686
71,0.355,23,606,0,354,286,782.656,142.381,49393.5,396.0,0.013686
71,0.355,24,710,0,93,64,756.505,32.0,3055.5,396.0,0.013686
71,0.355,25,691,0,16,77,699.016,38.5,1021.0,396.0,0.013686
71,0.355,26,236,0,392,167,431.991,88.632,41046.0,396.0,0.013686
71,0.355,27,210,0,19,84,219.54,42.008,1148.0,396.0,0.013686
71,0.355,28,99,0,110,71,153.757,35.326,3870.0,396.0,0.013686
71,0.355,29,72,524,143,16,142.57,531.528,1691.5,396.0,0.013686
71,0.355,31,251,341,16,12,268.448,341.317,137.0,396.0,0.013686
71,0.355,34,754,293,37,8,770.137,297.002,185.5,396.0,0.013686
71,0.355,35,73,250,71,12,142.226,255.4,573.5,396.0,0.013686
71,0.355,37,341,230,9,21,345.522,239.378,60.0,396.0,0.013686
71,0.355,38,850,17,19,12,858.862,23.013,69.0,396.0,0.013686
71,0.355,42,674,0,6,43,677.535,18.637,100.5,396.0,0.013686
71,0.355,44,480,0,480,313,720.267,156.436,55063.5,396.0,0.013686
71,0.355,52,785,48,28,16,781.608,65.477,96.5,396.0,0.013686
71,0.355,62,0,448,7,18,6.604,458.478,59.0,396.0,0.013686
71,0.355,74,886,211,16,10,894.525,217.445,95.0,396.0,0.013686
71,0.355,99,152,320,48,12,175.503,325.888,372.0,396.0,0.013686
71,0.355,100,252,363,31,30,261.773,380.227,477.5,396.0,0.013686
71,0.355,101,168,188,62,44,199.318,210.0,1131.0,396.0,0.013686
71,0.355,102,0,322,20,6,10.0,325.0,57.5,396.0,0.013686
71,0.355,103,41,321,16,7,49.0,324.5,66.0,396.0,0.013686
71,0.355,104,683,338,46,16,704.882,343.454,485.0,396.0,0.013686
71,0.355,105,0,434,36,7,18.0,437.5,94.0,396.0,0.013686
71,0.355,106,39,432,126,59,102.0,461.5,2207.5,396.0,0.013686
72,0.36,1,0,430,258,110,119.934,476.497,19015.0,262.0,0.01161
72,0.36,2,451,373,500,167,700.951,459.427,54339.5,262.0,0.01161
72,0.36,3,484,368,13,20,490.508,378.063,210.5,262.0,0.01161
72,0.36,4,674,359,31,5,688.391,369.196,82.0,262.0,0.01161
72,0.36,5,0,341,209,60,104.127,370.45,10962.0,262.0,0.01161
72,0.36,6,250,339,145,55,313.264,368.202,5593.5,262.0,0.01161
72,0.36,7,75,318,19,9,64.3,323.405,107.5,262.0,0.01161
72,0.36,8,681,304,279,82,824.183,344.61,13392.5,262.0,0.01161
72,0.36,9,908,302,17,18,916.604,310.919,189.0,262.0,0.01161
72,0.36,10,0,188,233,49,111.487,215.447,2140.5,262.0,0.01161
72,0.36,11,484,242,92,7,542.193,236.812,290.0,262.0,0.01161
72,0.36,12,874,237,59,56,903.491,265.016,2455.5,262.0,0.01161
72,0.36,13,233,223,79,11,275.931,228.558,488.5,262.0,0.01161
72,0.36,14,183,245,149,15,255.644,252.782,963.0,262.0,0.01161
72,0.36,16,61,141,121,40,121.467,161.215,4527.5,262.0,0.01161
72,0.36,17,637,159,9,28,642.122,172.794,189.0,262.0,0.01161
72,0.36,18,44,99,144,37,116.049,117.5,3492.5,262.0,0.01161
72,0.36,19,293,139,39,37,312.715,157.5,1324.5,262.0,0.01161
72,0.36,20,412,134,118,41,471.164,154.474,3845.0,262.0,0.01161
72,0.36,22,0,30,122,107,60.79,83.505,6323.0,262.0,0.01161
72,0.36,23,606,0,354,286,782.593,142.663,49393.5,262.0,0.01161
72,0.36,24,710,0,93,64,756.505,32.0,2990.5,262.0,0.01161
72,0.36,25,691,0,15,77,698.883,38.5,963.5,262.0,0.01161
72,0.36,26,236,0,392,183,431.988,89.348,41326.5,262.0,0.01161
72,0.36,27,210,0,20,84,219.659,42.007,1172.5,262.0,0.01161
72,0.36,28,98,0,111,71,153.709,35.369,3906.5,262.0,0.01161
72,0.36,29,72,524,143,16,142.696,531.52,1691.5,262.0,0.01161
72,0.36,31,251,341,16,12,266.104,342.288,137.0,262.0,0.01161
72,0.36,34,754,293,37,8,770.174,297.025,185.5,262.0,0.01161
72,0.36,35,0,243,334,20,149.124,254.937,3140.5,262.0,0.01161
72,0.36,37,340,229,10,24,345.277,240.049,78.5,262.0,0.01161
72,0.36,38,850,17,19,12,859.367,22.7,69.0,262.0,0.01161
72,0.36,42,674,0,6,43,677.47,18.851,100.5,262.0,0.01161
72,0.36,44,481,0,479,314,720.347,156.062,54932.0,262.0,0.01161
72,0.36,52,785,48,28,16,781.712,65.442,96.5,262.0,0.01161
72,0.36,62,0,448,7,18,4.976,458.869,59.0,262.0,0.01161
72,0.36,74,886,212,17,9,894.543,216.994,66.0,262.0,0.01161
72,0.36,99,153,320,42,11,175.51,325.743,328.5,262.0,0.01161
72,0.36,100,252,363,31,30,258.5,381.5,477.5,262.0,0.01161
72,0.36,101,168,188,62,44,199.5,210.0,1131.0,262.0,0.01161
72,0.36,102,0,322,20,6,10.0,325.0,57.5,262.0,0.01161
72,0.36,103,41,321,16,7,49.0,324.5,66.0,262.0,0.01161
72,0.36,104,683,338,46,16,711.598,358.744,485.0,262.0,0.01161
72,0.36,105,0,434,36,7,18.0,437.5,94.0,262.0,0.01161
72,0.36,106,39,432,126,59,102.0,461.5,2207.5,262.0,0.01161
72,0.36,107,672,290,24,5,684.0,292.5,73.5,262.0,0.01161
72,0.36,108,315,227,21,8,325.5,231.0,83.5,262.0,0.01161
73,0.365,1,47,432,124,58,117.031,472.922,3121.5,262.0,0.012436
73,0.365,2,451,374,500,166,700.952,458.876,52722.0,262.0,0.012436
73,0.365,3,485,369,11,18,490.497,378.05,131.5,262.0,0.012436
73,0.365,4,674,359,31,5,687.998,370.019,82.0,262.0,0.012436
73,0.365,5,0,342,208,57,104.089,370.459,10608.0,262.0,0.012436
73,0.365,6,270,340,50,49,308.604,367.248,1177.5,262.0,0.012436
73,0.365,7,75,318,19,9,61.892,323.434,107.5,262.0,0.012436
73,0.365,8,682,304,278,81,823.537,344.6,12387.5,262.0,0.012436
73,0.365,9,909,303,16,16,916.701,310.949,160.5,262.0,0.012436
73,0.365,10,0,192,230,42,112.537,214.69,1552.5,262.0,0.012436
73,0.365,11,543,219,20,5,544.908,232.789,59.5,262.0,0.012436
73,0.365,12,874,237,59,55,903.49,264.88,2309.5,262.0,0.012436
73,0.365,13,242,224,53,8,274.056,228.423,251.5,262.0,0.012436
73,0.365,14,83,245,249,17,236.545,252.975,1820.5,262.0,0.012436
73,0.365,16,61,142,121,39,121.466,161.286,4396.5,262.0,0.012436
73,0.365,17,639,169,7,17,642.195,174.216,71.0,262.0,0.012436
73,0.365,18,44,99,144,37,116.028,117.5,3444.5,262.0,0.012436
73,0.365,19,294,139,38,37,312.785,157.5,1263.0,262.0,0.012436
73,0.365,20,412,134,118,41,471.113,154.476,3786.5,262.0,0.012436
73,0.365,22,0,30,121,107,60.714,83.505,6283.5,262.0,0.012436
73,0.365,23,598,0,362,286,781.125,142.967,49682.5,262.0,0.012436
73,0.365,24,710,0,93,64,756.504,32.0,3053.5,262.0,0.012436
73,0.365,25,691,0,16,77,698.901,38.5,1052.0,262.0,0.012436
73,0.365,26,236,0,392,163,431.986,87.347,41142.0,262.0,0.012436
73,0.365,27,210,0,19,84,219.629,42.006,1158.5,262.0,0.012436
73,0.365,28,98,0,111,71,153.666,35.405,3896.0,262.0,0.012436
73,0.365,29,72,521,146,19,143.689,531.109,1729.0,262.0,0.012436
73,0.365,31,251,341,14,14,260.937,345.583,104.5,262.0,0.012436
73,0.365,34,751,293,42,8,770.923,297.029,225.0,262.0,0.012436
73,0.365,35,0,243,334,20,150.587,255.063,3140.5,262.0,0.012436
73,0.365,37,340,229,10,24,345.209,240.112,78.5,262.0,0.012436
73,0.365,38,843,20,20,14,855.307,25.451,60.5,262.0,0.012436
73,0.365,42,675,0,6,35,677.642,18.442,97.0,262.0,0.012436
73,0.365,44,481,0,479,314,720.337,155.143,54932.0,262.0,0.012436
73,0.365,52,779,55,19,12,786.256,62.48,54.5,262.0,0.012436
73,0.365,62,0,434,43,39,11.558,456.655,582.5,262.0,0.012436
73,0.365,74,886,212,17,9,894.589,216.857,66.0,262.0,0.012436
73,0.365,99,153,320,42,11,177.18,325.865,328.5,262.0,0.012436
73,0.365,100,252,372,16,16,259.65,380.203,102.5,262.0,0.012436
73,0.365,101,168,188,62,44,199.682,210.0,1131.0,262.0,0.012436
73,0.365,102,0,322,20,6,10.0,325.0,57.5,262.0,0.012436
73,0.365,103,41,321,16,7,49.0,324.5,66.0,262.0,0.012436
73,0.365,104,683,338,46,16,718.314,374.033,485.0,262.0,0.012436
73,0.365,105,0,434,36,7,18.0,437.5,94.0,262.0,0.012436
73,0.365,106,65,483,14,8,74.726,484.683,52.5,262.0,0.012436
73,0.365,107,672,290,24,5,684.0,292.5,73.5,262.0,0.012436
73,0.365,108,315,227,21,8,325.5,231.0,83.5,262.0,0.012436
73,0.365,109,172,448,12,16,178.0,456.0,90.5,262.0,0.012436
73,0.365,110,64,254,15,8,71.5,258.0,61.0,262.0,0.012436
74,0.37,1,0,430,258,110,119.805,476.096,18916.5,263.0,0.011595
74,0.37,2,451,373,500,167,700.955,458.266,54438.0,263.0,0.011595
74,0.37,3,484,368,13,20,490.489,378.038,207.5,263.0,0.011595
74,0.37,4,671,359,34,4,687.738,367.524,87.0,263.0,0.011595
74,0.37,5,0,341,209,60,104.189,370.597,10961.5,263.0,0.011595
74,0.37,6,250,339,145,55,311.826,366.961,5488.5,263.0,0.011595
74,0.37,8,680,304,280,82,822.701,344.719,13514.5,263.0,0.011595
74,0.37,9,908,302,17,18,916.653,310.973,193.5,263.0,0.011595
74,0.37,10,0,188,231,49,113.538,213.935,2087.5,263.0,0.011595
74,0.37,11,484,242,86,7,540.311,235.788,246.0,263.0,0.011595
74,0.37,12,874,237,59,56,903.49,264.895,2474.0,263.0,0.011595
74,0.37,13,233,223,74,11,272.849,228.438,492.5,263.0,0.011595
74,0.37,14,83,245,249,17,234.2,252.864,1820.5,263.0,0.011595
74,0.37,16,61,141,121,40,121.466,161.215,4520.5,263.0,0.011595
74,0.37,17,637,160,11,26,642.251,173.956,180.0,263.0,0.011595
74,0.37,18,44,99,144,37,116.011,117.5,3493.5,263.0,0.011595
74,0.37,19,293,139,39,37,312.715,157.5,1315.5,263.0,0.011595
74,0.37,20,412,134,118,42,471.071,154.609,3833.0,263.0,0.011595
74,0.37,22,0,30,122,107,60.779,83.504,6303.5,263.0,0.011595
74,0.37,23,598,0,362,286,780.888,143.253,49682.5,263.0,0.011595
74,0.37,24,710,0,93,64,756.503,32.0,2998.0,263.0,0.011595
74,0.37,25,691,0,15,77,698.787,38.5,959.0,263.0,0.011595
74,0.37,26,236,0,392,183,431.985,88.257,41213.0,263.0,0.011595
74,0.37,27,211,0,18,84,219.733,42.005,1164.0,263.0,0.011595
74,0.37,28,99,0,110,71,153.758,35.436,3885.0,263.0,0.011595
74,0.37,29,72,521,146,19,143.922,531.052,1729.0,263.0,0.011595
74,0.37,31,251,341,14,14,258.251,346.836,104.5,263.0,0.011595
74,0.37,34,751,293,42,8,771.048,297.049,225.0,263.0,0.011595
74,0.37,35,0,245,333,19,156.733,254.965,3135.0,263.0,0.011595
74,0.37,37,340,229,10,23,345.084,240.307,78.0,263.0,0.011595
74,0.37,38,843,20,20,14,855.382,25.427,60.5,263.0,0.011595
74,0.37,42,675,0,6,35,677.606,18.579,97.0,263.0,0.011595
74,0.37,44,479,0,481,314,719.998,155.329,54267.5,263.0,0.011595
74,0.37,52,779,55,19,12,786.779,62.169,54.5,263.0,0.011595
74,0.37,62,0,434,43,39,10.859,456.752,582.5,263.0,0.011595
74,0.37,74,886,212,16,10,894.381,216.832,79.0,263.0,0.011595
74,0.37,99,154,319,45,11,177.629,325.214,305.5,263.0,0.011595
74,0.37,100,252,372,16,16,257.277,380.953,102.5,263.0,0.011595
74,0.37,101,168,188,62,44,199.864,210.0,1131.0,263.0,0.011595
74,0.37,104,683,338,46,16,725.029,389.322,485.0,263.0,0.011595
74,0.37,105,0,434,36,7,18.0,437.5,94.0,263.0,0.011595
74,0.37,106,65,483,14,8,63.817,493.955,52.5,263.0,0.011595
74,0.37,107,674,289,18,5,683.091,291.591,54.0,263.0,0.011595
74,0.37,108,312,228,15,8,320.045,231.909,63.5,263.0,0.011595
74,0.37,109,172,448,12,16,178.0,456.0,90.5,263.0,0.011595
74,0.37,110,64,254,15,8,71.5,258.0,61.0,263.0,0.011595
75,0.375,1,46,431,128,60,117.242,472.51,3879.0,263.0,0.013555
75,0.375,2,451,389,501,151,701.089,459.839,52291.0,263.0,0.013555
75,0.375,3,485,369,11,18,490.484,378.027,156.5,263.0,0.013555
75,0.375,4,667,374,44,21,687.868,373.017,533.0,263.0,0.013555
75,0.375,5,0,342,208,56,104.144,370.454,10525.5,263.0,0.013555
75,0.375,6,313,369,13,8,313.833,368.429,54.0,263.0,0.013555
75,0.375,8,682,304,278,81,822.24,344.687,12494.5,263.0,0.013555
75,0.375,9,909,302,16,18,916.742,310.992,172.5,263.0,0.013555
75,0.375,10,16,192,214,42,116.313,213.453,1517.5,263.0,0.013555
75,0.375,11,539,218,38,6,544.578,231.919,110.5,263.0,0.013555
75,0.375,12,874,237,59,55,903.49,264.78,2305.0,263.0,0.013555
75,0.375,13,247,225,43,7,271.456,228.451,196.5,263.0,0.013555
75,0.375,14,174,245,158,16,240.262,252.851,993.5,263.0,0.013555
75,0.375,16,61,142,121,39,121.467,161.286,4382.5,263.0,0.013555
75,0.375,17,640,163,5,20,642.297,173.747,66.5,263.0,0.013555
75,0.375,18,44,99,144,37,115.999,117.501,3422.5,263.0,0.013555
75,0.375,19,294,139,38,37,312.785,157.5,1248.0,263.0,0.013555
75,0.375,20,412,134,118,41,471.036,154.592,3762.5,263.0,0.013555
75,0.375,22,0,30,121,107,60.706,83.503,6254.0,263.0,0.013555
75,0.375,23,605,0,355,286,781.387,143.324,49932.0,263.0,0.013555
75,0.375,24,710,0,93,64,756.503,32.0,3054.5,263.0,0.013555
75,0.375,25,691,0,16,77,698.822,38.5,1044.0,263.0,0.013555
75,0.375,26,236,0,392,169,431.985,87.225,41079.5,263.0,0.013555
75,0.375,27,210,0,19,84,219.689,42.005,1142.0,263.0,0.013555
75,0.375,28,98,0,111,71,153.705,35.461,3892.0,263.0,0.013555
75,0.375,29,74,521,132,19,142.501,530.797,1686.5,263.0,0.013555
75,0.375,31,251,341,14,9,256.644,346.941,69.0,263.0,0.013555
75,0.375,34,744,292,50,9,770.308,296.843,268.0,263.0,0.013555
75,0.375,35,81,250,90,13,148.934,255.495,753.5,263.0,0.013555
75,0.375,37,340,229,10,23,345.009,240.385,78.0,263.0,0.013555
75,0.375,38,849,16,20,12,857.217,23.712,56.0,263.0,0.013555
75,0.375,42,674,0,7,34,677.542,18.033,124.5,263.0,0.013555
75,0.375,44,479,0,481,314,719.948,154.547,54267.5,263.0,0.013555
75,0.375,52,774,56,25,14,786.904,62.425,75.0,263.0,0.013555
75,0.375,62,0,434,43,28,14.924,453.131,390.5,263.0,0.013555
75,0.375,74,886,212,16,10,894.397,216.708,79.0,263.0,0.013555
75,0.375,99,154,319,45,11,179.119,325.222,305.5,263.0,0.013555
75,0.375,100,256,352,17,36,261.275,373.934,210.5,263.0,0.013555
75,0.375,104,683,338,46,16,731.745,404.612,485.0,263.0,0.013555
75,0.375,105,0,434,36,7,18.0,437.5,94.0,263.0,0.013555
75,0.375,106,69,462,16,15,72.671,475.561,94.0,263.0,0.013555
75,0.375,107,707,326,13,8,703.845,317.835,64.0,263.0,0.013555
75,0.375,108,312,228,15,8,317.863,232.273,63.5,263.0,0.013555
75,0.375,109,172,448,12,16,178.0,456.0,90.5,263.0,0.013555
75,0.375,110,64,254,15,8,71.5,258.0,61.0,263.0,0.013555
75,0.375,111,272,343,47,47,295.5,366.5,835.5,263.0,0.013555
75,0.375,112,681,238,26,5,694.0,240.5,54.0,263.0,0.013555
76,0.38,1,0,430,258,110,120.036,475.691,18917.5,263.0,0.010053
76,0.38,2,451,373,500,167,701.073,459.089,54545.5,263.0,0.010053
76,0.38,3,484,368,13,20,490.48,378.019,209.0,263.0,0.010053
76,0.38,4,672,359,32,4,687.689,370.286,79.0,263.0,0.010053
76,0.38,5,0,341,209,59,104.236,370.461,10998.0,263.0,0.010053
76,0.38,6,250,339,145,55,316.317,367.991,5595.0,263.0,0.010053
76,0.38,8,678,304,282,82,821.329,344.787,13438.0,263.0,0.010053
76,0.38,9,909,302,16,18,916.818,311.006,191.0,263.0,0.010053
76,0.38,10,0,188,233,48,116.92,212.818,2113.0,263.0,0.010053
76,0.38,11,481,242,102,7,541.425,235.067,359.0,263.0,0.010053
76,0.38,12,875,237,59,56,903.752,264.815,2445.5,263.0,0.010053
76,0.38,13,234,223,78,11,271.489,228.463,539.0,263.0,0.010053
76,0.38,14,174,245,158,16,238.953,252.752,993.5,263.0,0.010053
76,0.38,16,61,141,121,40,121.469,161.216,4506.5,263.0,0.010053
76,0.38,17,638,161,9,26,642.336,173.845,174.5,263.0,0.010053
76,0.38,18,44,99,144,37,115.99,117.501,3502.5,263.0,0.010053
76,0.38,19,293,139,39,37,312.715,157.5,1317.5,263.0,0.010053
76,0.38,20,411,134,120,41,471.01,154.576,3848.5,263.0,0.010053
76,0.38,22,0,30,122,107,60.774,83.502,6311.0,263.0,0.010053
76,0.38,23,605,0,355,286,781.242,143.582,49932.0,263.0,0.010053
76,0.38,24,710,0,93,64,756.502,32.0,3008.5,263.0,0.010053
76,0.38,25,691,0,15,77,698.725,38.5,975.0,263.0,0.010053
76,0.38,26,236,0,392,183,431.985,88.187,41372.5,263.0,0.010053
76,0.38,27,210,0,19,84,219.65,42.004,1166.5,263.0,0.010053
76,0.38,28,98,0,111,71,153.658,35.481,3898.0,263.0,0.010053
76,0.38,29,74,521,132,19,142.53,530.716,1686.5,263.0,0.010053
76,0.38,31,251,341,14,9,254.084,348.061,69.0,263.0,0.010053
76,0.38,34,744,292,50,9,770.327,296.836,268.0,263.0,0.010053
76,0.38,35,0,235,335,29,154.792,253.883,3290.5,263.0,0.010053
76,0.38,37,340,229,10,23,344.961,240.478,85.5,263.0,0.010053
76,0.38,38,849,16,20,12,857.467,23.52,56.0,263.0,0.010053
76,0.38,42,674,0,7,34,677.503,18.085,124.5,263.0,0.010053
76,0.38,44,480,0,480,314,719.938,155.052,54408.5,263.0,0.010053
76,0.38,52,774,56,25,14,787.387,62.171,75.0,263.0,0.010053
76,0.38,62,0,434,43,28,14.777,452.797,390.5,263.0,0.010053
76,0.38,74,886,212,16,10,894.414,216.585,79.0,263.0,0.010053
76,0.38,99,153,320,43,11,177.676,325.36,297.5,263.0,0.010053
76,0.38,100,256,352,17,36,259.982,373.367,210.5,263.0,0.010053
76,0.38,104,683,338,46,16,738.461,419.901,485.0,263.0,0.010053
76,0.38,105,0,434,36,7,18.0,437.5,94.0,263.0,0.010053
76,0.38,106,69,462,16,15,68.097,475.965,94.0,263.0,0.010053
76,0.38,107,673,289,21,6,694.789,306.339,69.0,263.0,0.010053
76,0.38,108,315,228,15,8,321.275,232.114,74.0,263.0,0.010053
76,0.38,109,172,448,12,16,178.0,456.0,90.5,263.0,0.010053
76,0.38,110,64,254,15,8,71.5,258.0,61.0,263.0,0.010053
76,0.38,111,272,343,47,47,295.5,366.5,835.5,263.0,0.010053
76,0.38,112,681,238,26,5,694.0,240.5,54.0,263.0,0.010053
77,0.385,1,38,431,142,65,117.217,472.78,3864.0,396.0,0.015306
77,0.385,2,451,374,501,166,701.189,458.566,52869.0,396.0,0.015306
77,0.385,3,485,369,11,18,490.479,378.012,151.5,396.0,0.015306
77,0.385,4,708,326,12,8,694.806,359.462,57.0,396.0,0.015306
77,0.385,5,0,342,208,57,104.183,370.468,10563.5,396.0,0.015306
77,0.385,6,271,340,59,50,312.639,367.218,915.0,396.0,0.015306
77,0.385,8,683,304,277,81,821.221,344.738,12427.5,396.0,0.015306
77,0.385,9,909,302,15,18,916.751,311.017,170.5,396.0,0.015306
77,0.385,10,0,192,231,43,117.092,212.709,1577.0,396.0,0.015306
77,0.385,11,542,219,40,5,546.583,231.513,98.0,396.0,0.015306
77,0.385,12,874,237,59,55,903.713,264.717,2301.0,396.0,0.015306
77,0.385,13,239,225,56,8,270.004,228.603,229.0,396.0,0.015306
77,0.385,14,83,245,249,18,225.66,253.189,1851.0,396.0,0.015306
77,0.385,16,62,142,120,39,121.603,161.286,4380.5,396.0,0.015306
77,0.385,17,638,161,9,26,642.323,173.893,174.5,396.0,0.015306
77,0.385,18,44,99,144,37,115.983,117.501,3442.5,396.0,0.015306
77,0.385,19,294,139,38,37,312.785,157.5,1283.0,396.0,0.015306
77,0.385,20,412,134,118,41,470.99,154.561,3779.0,396.0,0.015306
77,0.385,22,0,30,121,107,60.702,83.502,6265.5,396.0,0.015306
77,0.385,23,613,0,347,287,783.247,143.705,49617.0,396.0,0.015306
77,0.385,24,710,0,93,64,756.501,32.0,3053.5,396.0,0.015306
77,0.385,25,691,0,16,77,698.775,38.5,1046.0,396.0,0.015306
77,0.385,26,236,0,393,170,432.117,87.326,41136.5,396.0,0.015306
77,0.385,27,210,0,19,84,219.615,42.003,1162.0,396.0,0.015306
77,0.385,28,98,0,111,71,153.617,35.497,3891.5,396.0,0.015306
77,0.385,29,71,524,140,16,141.939,531.178,1691.0,396.0,0.015306
77,0.385,31,251,341,20,21,255.476,350.148,211.0,396.0,0.015306
77,0.385,34,752,292,42,9,771.402,296.698,248.0,396.0,0.015306
77,0.385,35,0,235,335,29,156.247,253.791,3290.5,396.0,0.015306
77,0.385,37,340,229,10,23,344.889,240.559,85.5,396.0,0.015306
77,0.385,38,849,16,20,12,857.717,23.328,56.0,396.0,0.015306
77,0.385,42,675,0,6,35,677.677,17.884,104.5,396.0,0.015306
77,0.385,44,480,0,480,314,719.893,154.429,54408.5,396.0,0.015306
77,0.385,52,740,69,33,19,774.302,69.089,87.0,396.0,0.015306
77,0.385,62,0,440,17,18,12.145,451.059,137.5,396.0,0.015306
77,0.385,74,886,212,16,10,894.43,216.461,79.0,396.0,0.015306
77,0.385,99,153,320,43,11,178.771,325.385,297.5,396.0,0.015306
77,0.385,100,257,369,7,18,259.703,375.713,76.0,396.0,0.015306
77,0.385,105,0,434,36,3,18.0,435.527,70.0,396.0,0.015306
77,0.385,106,20,444,9,13,35.491,457.786,60.5,396.0,0.015306
77,0.385,107,673,289,21,6,696.734,308.818,69.0,396.0,0.015306
77,0.385,108,315,228,15,8,320.886,232.311,74.0,396.0,0.015306
77,0.385,109,172,448,12,16,178.0,456.0,90.5,396.0,0.015306
77,0.385,110,64,254,15,8,71.5,258.0,61.0,396.0,0.015306
77,0.385,111,272,343,47,47,295.5,366.5,835.5,396.0,0.015306
77,0.385,112,681,238,26,5,694.0,240.5,54.0,396.0,0.015306
77,0.385,113,0,462,12,10,6.0,467.0,51.5,396.0,0.015306
78,0.39,1,0,430,258,110,120.046,475.891,18965.5,263.0,0.011646
78,0.39,2,451,373,500,167,701.157,457.989,54315.5,263.0,0.011646
78,0.39,3,484,368,13,20,490.478,378.006,210.5,263.0,0.011646
78,0.39,4,672,359,33,4,693.639,359.123,90.0,263.0,0.011646
78,0.39,5,0,341,209,59,104.268,370.474,10946.0,263.0,0.011646
78,0.39,6,250,339,145,55,315.206,366.954,5453.0,263.0,0.011646
78,0.39,8,680,304,280,82,820.76,344.824,13500.0,263.0,0.011646
78,0.39,9,909,302,16,18,916.822,311.023,189.0,263.0,0.011646
78,0.39,10,0,188,234,48,117.549,212.268,2078.0,263.0,0.011646
78,0.39,11,483,242,95,7,542.745,234.781,280.0,263.0,0.011646
78,0.39,12,875,237,58,56,903.806,264.767,2458.0,263.0,0.011646
78,0.39,13,234,223,96,11,272.712,228.592,581.5,263.0,0.011646
78,0.39,14,0,239,335,25,204.115,252.595,3239.5,263.0,0.011646
78,0.39,16,61,141,121,40,121.586,161.215,4502.0,263.0,0.011646
78,0.39,17,637,158,10,29,642.208,173.47,198.5,263.0,0.011646
78,0.39,18,44,99,144,37,115.979,117.501,3495.5,263.0,0.011646
78,0.39,19,293,139,39,37,312.715,157.5,1318.0,263.0,0.011646
78,0.39,20,412,134,119,42,471.106,154.678,3855.0,263.0,0.011646
78,0.39,22,0,30,121,107,60.642,83.501,6300.0,263.0,0.011646
78,0.39,23,613,0,347,287,783.366,143.947,49617.0,263.0,0.011646
78,0.39,24,710,0,93,64,756.501,32.0,2995.0,263.0,0.011646
78,0.39,25,691,0,16,77,698.82,38.5,962.5,263.0,0.011646
78,0.39,26,236,0,392,183,432.098,88.3,41381.0,263.0,0.011646
78,0.39,27,210,0,20,84,219.715,42.002,1176.0,263.0,0.011646
78,0.39,28,98,0,111,71,153.582,35.508,3891.0,263.0,0.011646
78,0.39,29,71,524,140,16,141.891,531.163,1691.0,263.0,0.011646
78,0.39,31,251,341,20,21,253.376,351.38,211.0,263.0,0.011646
78,0.39,34,752,292,42,9,771.551,296.674,248.0,263.0,0.011646
78,0.39,35,0,235,335,29,157.701,253.699,3290.5,263.0,0.011646
78,0.39,37,340,231,10,14,344.89,239.589,50.0,263.0,0.011646
78,0.39,38,849,16,20,12,857.966,23.135,56.0,263.0,0.011646
78,0.39,42,675,0,6,35,677.664,17.905,104.5,263.0,0.011646
78,0.39,44,480,0,480,314,719.908,155.077,54069.5,263.0,0.011646
78,0.39,52,740,69,33,19,773.315,69.612,87.0,263.0,0.011646
78,0.39,62,0,440,17,18,11.702,450.558,137.5,263.0,0.011646
78,0.39,74,886,212,16,10,894.446,216.337,79.0,263.0,0.011646
78,0.39,99,154,320,43,10,177.899,325.226,270.0,263.0,0.011646
78,0.39,100,257,369,7,18,258.562,375.584,76.0,263.0,0.011646
78,0.39,105,0,434,36,3,18.0,435.206,70.0,263.0,0.011646
78,0.39,106,20,444,9,13,24.311,453.811,60.5,263.0,0.011646
78,0.39,107,672,290,30,5,690.692,298.442,71.0,263.0,0.011646
78,0.39,108,315,228,15,8,320.497,232.507,74.0,263.0,0.011646
78,0.39,109,172,448,12,16,178.0,456.0,90.5,263.0,0.011646
78,0.39,110,64,254,15,8,71.5,258.0,61.0,263.0,0.011646
78,0.39,111,272,343,47,47,295.5,366.5,835.5,263.0,0.011646
78,0.39,112,681,238,26,5,694.0,240.5,54.0,263.0,0.011646
78,0.39,113,0,462,12,10,6.0,467.0,51.5,263.0,0.011646
79,0.395,1,37,432,142,65,116.992,473.182,3679.5,263.0,0.011391
79,0.395,2,451,374,500,166,701.126,457.636,52870.5,263.0,0.011391
79,0.395,3,485,369,11,18,490.479,378.002,148.5,263.0,0.011391
79,0.395,4,708,327,11,7,699.277,350.808,52.5,263.0,0.011391
79,0.395,5,0,342,208,56,104.208,370.349,10540.5,263.0,0.011391
79,0.395,6,251,341,67,51,307.451,366.741,1192.0,263.0,0.011391
79,0.395,8,682,304,278,81,820.652,344.763,12453.5,263.0,0.011391
79,0.395,9,909,302,15,18,916.751,311.028,179.0,263.0,0.011391
79,0.395,10,16,192,214,42,119.434,212.192,1500.0,263.0,0.011391
79,0.395,11,544,218,27,5,546.505,231.065,65.0,263.0,0.011391
79,0.395,12,874,237,59,55,903.752,264.682,2314.5,263.0,0.011391
79,0.395,13,257,224,33,9,272.847,228.58,200.0,263.0,0.011391
79,0.395,14,84,245,248,18,201.741,252.952,1763.0,263.0,0.011391
79,0.395,16,62,142,120,39,121.701,161.286,4371.5,263.0,0.011391
79,0.395,17,637,158,10,29,642.181,173.451,198.5,263.0,0.011391
79,0.395,18,44,99,144,37,115.977,117.501,3436.5,263.0,0.011391
79,0.395,19,294,139,38,37,312.785,157.5,1261.0,263.0,0.011391
79,0.395,20,412,134,118,41,471.077,154.647,3778.5,263.0,0.011391
79,0.395,22,0,30,121,107,60.592,83.501,6255.0,263.0,0.011391
79,0.395,23,595,0,365,286,781.103,143.716,49933.0,263.0,0.011391
79,0.395,24,710,0,93,64,756.501,32.0,3038.5,263.0,0.011391
79,0.395,25,691,0,16,77,698.861,38.5,1039.5,263.0,0.011391
79,0.395,26,236,0,392,168,432.081,87.182,41144.0,263.0,0.011391
79,0.395,27,210,0,19,84,219.67,42.002,1153.0,263.0,0.011391
79,0.395,28,98,0,111,71,153.554,35.517,3877.5,263.0,0.011391
79,0.395,29,72,522,149,18,143.697,531.089,1877.5,263.0,0.011391
79,0.395,31,251,341,20,21,251.277,352.612,211.0,263.0,0.011391
79,0.395,34,744,292,49,9,770.426,296.591,281.5,263.0,0.011391
79,0.395,35,0,235,335,29,159.155,253.606,3290.5,263.0,0.011391
79,0.395,37,340,231,10,14,344.828,239.54,50.0,263.0,0.011391
79,0.395,38,881,0,15,13,874.619,14.037,54.0,263.0,0.011391
79,0.395,42,675,0,6,47,677.79,20.145,130.5,263.0,0.011391
79,0.395,44,480,0,480,314,719.871,154.61,54069.5,263.0,0.011391
79,0.395,52,812,39,17,11,791.987,59.673,69.5,263.0,0.011391
79,0.395,62,0,434,37,36,14.153,450.834,498.5,263.0,0.011391
79,0.395,74,886,212,16,10,894.463,216.213,79.0,263.0,0.011391
79,0.395,99,154,320,43,10,178.744,325.228,270.0,263.0,0.011391
79,0.395,100,257,369,7,18,257.422,375.455,76.0,263.0,0.011391
79,0.395,105,0,434,36,3,18.0,434.886,70.0,263.0,0.011391
79,0.395,106,20,444,9,13,13.131,449.835,60.5,263.0,0.011391
79,0.395,107,672,290,30,5,690.603,297.647,71.0,263.0,0.011391
79,0.395,108,315,228,15,8,320.108,232.703,74.0,263.0,0.011391
79,0.395,111,272,343,47,47,295.5,366.5,835.5,263.0,0.011391
79,0.395,112,681,238,26,5,694.0,240.5,54.0,263.0,0.011391
79,0.395,113,0,462,12,10,6.0,467.0,51.5,263.0,0.011391
80,0.4,1,0,430,258,110,119.878,476.205,18964.0,263.0,0.011235
80,0.4,2,451,373,500,167,701.099,457.22,54317.5,263.0,0.011235
80,0.4,3,484,368,13,20,490.48,377.998,210.5,263.0,0.011235
80,0.4,4,673,359,31,4,697.325,352.029,77.5,263.0,0.011235
80,0.4,5,0,341,208,60,104.157,370.505,10999.5,263.0,0.011235
80,0.4,6,250,339,145,55,310.772,366.575,5567.0,263.0,0.011235
80,0.4,8,682,304,278,81,820.438,344.781,12453.5,263.0,0.011235
80,0.4,9,908,302,17,18,916.688,311.03,192.0,263.0,0.011235
80,0.4,10,0,188,232,50,119.134,212.168,2122.5,263.0,0.011235
80,0.4,11,487,242,96,7,543.814,234.46,293.0,263.0,0.011235
80,0.4,12,874,238,59,55,903.702,264.874,2441.5,263.0,0.011235
80,0.4,13,235,223,96,13,275.455,228.829,657.0,263.0,0.011235
80,0.4,14,0,237,335,28,188.544,252.363,3403.0,263.0,0.011235
80,0.4,16,61,141,121,40,121.667,161.215,4520.5,263.0,0.011235
80,0.4,17,638,162,9,25,642.28,173.823,157.5,263.0,0.011235
80,0.4,18,44,99,145,37,116.107,117.5,3503.0,263.0,0.011235
80,0.4,19,293,139,39,37,312.715,157.5,1320.0,263.0,0.011235
80,0.4,20,411,134,120,42,471.052,154.748,3850.0,263.0,0.011235
80,0.4,22,0,30,121,107,60.551,83.501,6306.0,263.0,0.011235
80,0.4,23,595,0,365,286,780.929,143.9,49933.0,263.0,0.011235
80,0.4,24,710,0,93,64,756.5,32.0,2986.0,263.0,0.011235
80,0.4,25,691,0,15,77,698.766,38.5,962.0,263.0,0.011235
80,0.4,26,236,0,392,183,432.065,88.194,41377.5,263.0,0.011235
80,0.4,27,210,0,19,84,219.629,42.001,1156.5,263.0,0.011235
80,0.4,28,99,0,110,71,153.661,35.522,3908.0,263.0,0.011235
80,0.4,29,72,522,149,18,143.878,531.067,1877.5,263.0,0.011235
80,0.4,31,251,341,20,21,249.177,353.844,211.0,263.0,0.011235
80,0.4,34,744,292,49,9,770.418,296.56,281.5,263.0,0.011235
80,0.4,35,0,235,335,29,160.609,253.514,3290.5,263.0,0.011235
80,0.4,37,346,230,4,22,346.053,240.092,53.0,263.0,0.011235
80,0.4,38,881,0,15,13,876.603,12.903,54.0,263.0,0.011235
80,0.4,42,675,0,6,47,677.795,20.44,130.5,263.0,0.011235
80,0.4,44,479,0,481,386,719.7,169.609,67701.0,263.0,0.011235
80,0.4,52,812,39,17,11,793.298,58.973,69.5,263.0,0.011235
80,0.4,62,0,434,37,36,14.062,450.427,498.5,263.0,0.011235
80,0.4,74,886,212,16,9,894.183,216.343,71.0,263.0,0.011235
80,0.4,99,153,320,44,11,177.618,325.346,294.0,263.0,0.011235
80,0.4,100,257,369,7,18,256.281,375.326,76.0,263.0,0.011235
80,0.4,105,0,434,36,3,18.0,434.566,70.0,263.0,0.011235
80,0.4,106,20,444,9,13,1.95,445.86,60.5,263.0,0.011235
80,0.4,107,672,290,30,5,690.514,296.852,71.0,263.0,0.011235
80,0.4,108,315,228,15,8,319.719,232.9,74.0,263.0,0.011235
80,0.4,111,272,343,47,47,295.5,366.5,835.5,263.0,0.011235
80,0.4,112,681,238,26,5,694.0,240.5,54.0,263.0,0.011235
80,0.4,113,0,462,12,10,6.0,467.0,51.5,263.0,0.011235
81,0.405,1,46,432,130,58,117.657,472.504,3897.0,263.0,0.010842
81,0.405,2,451,374,500,166,701.075,457.016,52888.0,263.0,0.010842
81,0.405,3,485,369,11,19,490.481,378.127,146.0,263.0,0.010842
81,0.405,4,673,359,31,4,698.079,350.499,77.5,263.0,0.010842
81,0.405,5,0,342,208,57,104.112,370.508,10573.0,263.0,0.010842
81,0.405,6,289,340,40,50,310.148,366.057,1068.0,263.0,0.010842
81,0.405,8,683,304,277,81,820.636,344.703,12391.5,263.0,0.010842
81,0.405,9,909,302,15,18,916.635,311.03,158.0,263.0,0.010842
81,0.405,10,0,226,160,8,109.384,216.625,445.5,263.0,0.010842
81,0.405,11,541,219,32,5,547.25,231.106,95.0,263.0,0.010842
81,0.405,12,874,237,59,54,903.658,264.648,2311.5,263.0,0.010842
81,0.405,13,245,224,48,8,274.013,228.647,247.0,263.0,0.010842
81,0.405,14,82,245,250,19,189.333,252.865,1920.5,263.0,0.010842
81,0.405,16,61,142,120,39,121.504,161.286,4392.0,263.0,0.010842
81,0.405,17,638,162,9,25,642.27,173.858,157.5,263.0,0.010842
81,0.405,18,44,99,144,37,116.087,117.5,3429.5,263.0,0.010842
81,0.405,19,294,139,38,37,312.785,157.5,1257.0,263.0,0.010842
81,0.405,20,412,134,118,41,471.031,154.702,3764.0,263.0,0.010842
81,0.405,22,0,30,121,107,60.519,83.5,6265.5,263.0,0.010842
81,0.405,23,605,0,355,286,781.449,143.652,49644.0,263.0,0.010842
81,0.405,24,710,0,93,64,756.5,32.0,3057.5,263.0,0.010842
81,0.405,25,691,0,16,77,698.816,38.5,1031.5,263.0,0.010842
81,0.405,26,236,0,392,169,432.05,87.239,41115.5,263.0,0.010842
81,0.405,27,210,0,19,84,219.595,42.001,1156.0,263.0,0.010842
81,0.405,28,98,0,111,70,153.623,35.395,3882.5,263.0,0.010842
81,0.405,29,71,522,134,18,141.648,531.027,1641.0,263.0,0.010842
81,0.405,31,251,341,19,52,254.044,361.265,412.5,263.0,0.010842
81,0.405,34,738,293,57,8,768.853,296.716,271.5,263.0,0.010842
81,0.405,35,164,191,66,41,180.384,231.438,1116.5,263.0,0.010842
81,0.405,37,346,230,4,22,346.15,240.117,53.0,263.0,0.010842
81,0.405,38,881,0,15,13,878.587,11.769,54.0,263.0,0.010842
81,0.405,42,675,0,6,26,677.879,17.656,80.5,263.0,0.010842
81,0.405,44,479,0,481,386,719.646,171.049,67701.0,263.0,0.010842
81,0.405,52,750,55,47,28,786.148,62.573,165.5,263.0,0.010842
81,0.405,62,0,433,43,39,16.969,451.008,751.5,263.0,0.010842
81,0.405,74,886,212,16,9,894.169,216.246,71.0,263.0,0.010842
81,0.405,99,153,320,44,11,178.22,325.362,294.0,263.0,0.010842
81,0.405,100,257,369,7,18,255.14,375.197,76.0,263.0,0.010842
81,0.405,105,0,434,36,3,18.0,434.246,70.0,263.0,0.010842
81,0.405,106,20,444,9,13,-9.23,441.884,60.5,263.0,0.010842
81,0.405,107,672,290,30,5,690.425,296.057,71.0,263.0,0.010842
81,0.405,108,315,228,15,8,319.33,233.096,74.0,263.0,0.010842
81,0.405,113,0,462,12,10,6.0,467.0,51.5,263.0,0.010842
81,0.405,114,206,533,14,7,213.0,536.5,54.5,263.0,0.010842
82,0.41,1,0,430,256,110,120.203,475.6,18890.0,264.0,0.010862
82,0.41,2,451,373,500,167,701.055,456.734,54274.5,264.0,0.010862
82,0.41,3,484,368,13,20,490.483,378.105,210.0,264.0,0.010862
82,0.41,4,672,359,33,4,695.493,352.859,86.0,264.0,0.010862
82,0.41,5,0,341,208,60,104.075,370.641,10921.5,264.0,0.010862
82,0.41,6,250,339,146,55,313.301,366.026,5586.0,264.0,0.010862
82,0.41,8,681,303,279,82,820.487,344.495,13439.5,264.0,0.010862
82,0.41,9,908,302,17,18,916.591,311.029,182.0,264.0,0.010862
82,0.41,10,0,188,232,50,110.46,215.988,2091.5,264.0,0.010862
82,0.41,11,486,242,96,7,544.137,234.547,292.0,264.0,0.010862
82,0.41,12,874,237,59,56,903.619,264.717,2439.0,264.0,0.010862
82,0.41,13,235,223,74,11,273.539,228.619,486.5,264.0,0.010862
82,0.41,14,0,238,335,27,179.836,252.476,3290.0,264.0,0.010862
82,0.41,16,61,141,121,40,121.496,161.215,4510.5,264.0,0.010862
82,0.41,17,637,159,10,28,642.159,173.548,173.0,264.0,0.010862
82,0.41,18,44,99,145,37,116.2,117.5,3504.0,264.0,0.010862
82,0.41,19,293,139,39,37,312.715,157.5,1303.5,264.0,0.010862
82,0.41,20,412,134,119,42,471.146,154.791,3838.0,264.0,0.010862
82,0.41,22,0,30,122,107,60.625,83.5,6292.0,264.0,0.010862
82,0.41,23,605,0,355,286,781.361,143.783,49644.0,264.0,0.010862
82,0.41,24,710,0,93,64,756.5,32.0,3009.5,264.0,0.010862
82,0.41,25,691,0,16,77,698.86,38.5,967.0,264.0,0.010862
82,0.41,26,236,0,392,183,432.038,88.258,41269.0,264.0,0.010862
82,0.41,27,210,0,19,84,219.566,42.001,1170.5,264.0,0.010862
82,0.41,28,98,0,111,71,153.59,35.416,3894.0,264.0,0.010862
82,0.41,29,71,522,134,18,141.531,531.003,1641.0,264.0,0.010862
82,0.41,31,251,341,19,52,252.719,363.185,412.5,264.0,0.010862
82,0.41,34,738,293,57,8,768.653,296.709,271.5,264.0,0.010862
82,0.41,35,164,191,66,41,183.979,228.777,1116.5,264.0,0.010862
82,0.41,37,346,230,4,22,346.247,240.143,53.0,264.0,0.010862
82,0.41,38,881,0,15,13,880.571,10.635,54.0,264.0,0.010862
82,0.41,42,675,0,6,26,677.893,17.571,80.5,264.0,0.010862
82,0.41,44,481,0,479,313,719.954,166.125,54144.0,264.0,0.010862
82,0.41,52,750,55,47,28,786.425,62.398,165.5,264.0,0.010862
82,0.41,62,0,433,43,39,17.246,450.723,751.5,264.0,0.010862
82,0.41,74,886,213,16,13,894.079,217.777,88.5,264.0,0.010862
82,0.41,99,156,320,39,7,177.441,324.598,158.0,264.0,0.010862
82,0.41,100,257,369,7,18,253.999,375.068,76.0,264.0,0.010862
82,0.41,105,0,434,36,3,18.0,433.925,70.0,264.0,0.010862
82,0.41,106,20,444,9,13,-20.411,437.908,60.5,264.0,0.010862
82,0.41,107,672,290,18,5,683.209,293.153,58.5,264.0,0.010862
82,0.41,113,0,462,12,10,6.0,467.0,51.5,264.0,0.010862
82,0.41,114,206,533,14,7,213.0,536.5,54.5,264.0,0.010862
83,0.415,1,33,432,131,58,114.674,471.976,2619.0,264.0,0.013131
83,0.415,2,451,393,500,147,701.037,459.13,51972.0,264.0,0.013131
83,0.415,3,485,369,11,18,490.485,378.085,132.0,264.0,0.013131
83,0.415,4,707,326,12,8,700.967,345.285,50.0,264.0,0.013131
83,0.415,5,0,342,208,56,104.045,370.491,10518.0,264.0,0.013131
83,0.415,6,291,347,18,38,309.992,365.891,250.0,264.0,0.013131
83,0.415,8,683,304,277,81,820.667,344.478,12368.0,264.0,0.013131
83,0.415,9,909,302,16,17,916.685,310.897,131.0,264.0,0.013131
83,0.415,10,0,226,160,8,102.06,219.846,383.5,264.0,0.013131
83,0.415,11,544,218,30,5,547.998,230.96,66.0,264.0,0.013131
83,0.415,12,874,238,59,54,903.586,264.779,2291.0,264.0,0.013131
83,0.415,13,269,224,26,8,275.743,228.462,149.0,264.0,0.013131
83,0.415,14,81,250,96,14,162.233,253.615,757.5,264.0,0.013131
83,0.415,16,62,142,119,39,121.489,161.286,4387.5,264.0,0.013131
83,0.415,17,637,159,10,28,642.136,173.538,173.0,264.0,0.013131
83,0.415,18,44,99,144,37,116.164,117.5,3419.5,264.0,0.013131
83,0.415,19,294,139,38,37,312.785,157.5,1264.0,264.0,0.013131
83,0.415,20,412,134,118,41,471.113,154.734,3770.5,264.0,0.013131
83,0.415,22,0,30,121,107,60.588,83.5,6243.0,264.0,0.013131
83,0.415,23,597,0,363,286,780.169,143.55,49208.5,264.0,0.013131
83,0.415,24,710,0,93,64,756.5,32.0,3047.5,264.0,0.013131
83,0.415,25,691,0,16,77,698.898,38.5,1042.0,264.0,0.013131
83,0.415,26,236,0,393,164,432.158,86.652,40976.5,264.0,0.013131
83,0.415,27,211,0,18,84,219.672,42.0,1131.0,264.0,0.013131
83,0.415,28,98,0,111,71,153.562,35.435,3871.5,264.0,0.013131
83,0.415,29,72,523,145,17,142.643,531.186,1773.5,264.0,0.013131
83,0.415,31,251,341,19,52,251.394,365.105,412.5,264.0,0.013131
83,0.415,34,743,293,49,8,768.074,296.82,262.0,264.0,0.013131
83,0.415,35,163,188,67,44,191.646,218.764,1115.5,264.0,0.013131
83,0.415,37,346,230,4,22,346.343,240.168,53.0,264.0,0.013131
83,0.415,38,881,0,15,13,882.555,9.501,54.0,264.0,0.013131
83,0.415,42,675,0,6,35,677.944,17.492,109.0,264.0,0.013131
83,0.415,44,481,0,479,313,719.944,166.78,54144.0,264.0,0.013131
83,0.415,52,753,65,29,17,779.021,66.734,77.0,264.0,0.013131
83,0.415,62,0,444,24,26,15.324,453.051,172.0,264.0,0.013131
83,0.415,74,886,212,17,9,894.224,217.341,75.5,264.0,0.013131
83,0.415,99,156,320,39,7,177.874,324.519,158.0,264.0,0.013131
83,0.415,105,0,434,12,24,7.688,444.256,77.5,264.0,0.013131
83,0.415,107,672,290,18,5,682.094,292.055,58.5,264.0,0.013131
83,0.415,114,206,533,14,7,213.0,536.5,54.5,264.0,0.013131
83,0.415,115,667,374,43,19,688.5,383.5,502.0,264.0,0.013131
83,0.415,116,182,245,149,16,256.5,253.0,940.5,264.0,0.013131
84,0.42,1,0,430,257,110,117.808,475.15,18943.5,264.0,0.010579
84,0.42,2,451,374,500,166,701.023,458.701,54351.0,264.0,0.010579
84,0.42,3,484,368,13,20,490.488,378.067,210.0,264.0,0.010579
84,0.42,4,670,359,35,5,697.824,348.578,93.0,264.0,0.010579
84,0.42,5,0,341,209,59,104.152,370.493,10980.5,264.0,0.010579
84,0.42,6,250,339,145,55,313.045,365.926,5552.0,264.0,0.010579
84,0.42,8,683,304,277,81,820.56,344.455,12368.0,264.0,0.010579
84,0.42,9,908,302,17,18,916.636,310.914,191.0,264.0,0.010579
84,0.42,10,0,188,233,50,104.547,218.642,2192.0,264.0,0.010579
84,0.42,11,488,242,89,7,544.331,234.457,297.5,264.0,0.010579
84,0.42,12,874,237,59,56,903.558,264.833,2451.0,264.0,0.010579
84,0.42,13,234,223,94,13,277.35,228.721,595.0,264.0,0.010579
84,0.42,14,0,237,335,28,158.207,252.996,3453.5,264.0,0.010579
84,0.42,16,61,141,121,40,121.485,161.215,4517.5,264.0,0.010579
84,0.42,17,637,160,10,27,642.068,173.517,182.0,264.0,0.010579
84,0.42,18,44,99,144,37,116.132,117.5,3495.0,264.0,0.010579
84,0.42,19,293,139,39,37,312.715,157.5,1323.0,264.0,0.010579
84,0.42,20,412,134,118,42,471.085,154.814,3852.5,264.0,0.010579
84,0.42,22,0,30,121,107,60.556,83.5,6298.0,264.0,0.010579
84,0.42,23,597,0,363,286,779.944,143.635,49208.5,264.0,0.010579
84,0.42,24,710,0,93,64,756.5,32.0,3014.5,264.0,0.010579
84,0.42,25,691,0,16,77,698.929,38.5,964.5,264.0,0.010579
84,0.42,26,236,0,392,183,432.129,87.77,41396.5,264.0,0.010579
84,0.42,27,210,0,19,84,219.633,42.0,1168.0,264.0,0.010579
84,0.42,28,98,0,111,71,153.539,35.451,3905.5,264.0,0.010579
84,0.42,29,72,523,145,17,142.678,531.187,1773.5,264.0,0.010579
84,0.42,31,251,341,19,52,250.069,367.025,412.5,264.0,0.010579
84,0.42,34,743,293,49,8,767.827,296.827,262.0,264.0,0.010579
84,0.42,35,163,188,67,44,195.703,215.27,1115.5,264.0,0.010579
84,0.42,37,341,229,9,23,345.953,240.352,70.5,264.0,0.010579
84,0.42,38,881,0,15,13,884.538,8.368,54.0,264.0,0.010579
84,0.42,42,675,0,6,35,677.963,17.408,109.0,264.0,0.010579
84,0.42,44,480,0,480,386,719.961,177.611,67658.0,264.0,0.010579
84,0.42,52,753,65,29,17,778.342,67.121,77.0,264.0,0.010579
84,0.42,62,0,444,24,26,15.33,453.089,172.0,264.0,0.010579
84,0.42,74,887,212,15,14,894.311,217.887,91.0,264.0,0.010579
84,0.42,99,156,320,44,9,178.182,324.464,238.5,264.0,0.010579
84,0.42,105,0,434,12,24,6.501,445.162,77.5,264.0,0.010579
84,0.42,107,673,290,23,4,682.979,291.549,64.5,264.0,0.010579
84,0.42,114,206,533,14,7,213.0,536.5,54.5,264.0,0.010579
84,0.42,115,667,374,43,19,688.5,383.5,502.0,264.0,0.010579
84,0.42,116,182,245,149,16,256.5,253.0,940.5,264.0,0.010579
85,0.425,1,46,431,142,66,117.529,472.384,4579.5,264.0,0.011881
85,0.425,2,451,374,500,166,701.012,458.318,52921.0,264.0,0.011881
85,0.425,3,486,369,10,19,490.62,378.182,142.0,264.0,0.011881
85,0.425,4,670,359,35,5,698.25,347.403,93.0,264.0,0.011881
85,0.425,5,0,342,208,57,104.113,370.494,10611.5,264.0,0.011881
85,0.425,6,251,340,82,50,307.691,365.581,2850.0,264.0,0.011881
85,0.425,8,683,304,277,81,820.805,344.454,12743.5,264.0,0.011881
85,0.425,9,909,302,15,17,916.595,310.8,166.0,264.0,0.011881
85,0.425,10,0,188,230,46,106.451,217.014,1662.5,264.0,0.011881
85,0.425,11,532,218,45,5,546.928,230.918,123.0,264.0,0.011881
85,0.425,12,874,237,59,55,903.535,264.749,2349.0,264.0,0.011881
85,0.425,13,239,224,55,9,274.888,228.681,267.5,264.0,0.011881
85,0.425,14,72,245,260,19,164.673,253.384,2067.5,264.0,0.011881
85,0.425,16,61,142,121,39,121.483,161.285,4411.5,264.0,0.011881
85,0.425,17,639,170,7,16,642.195,175.024,84.0,264.0,0.011881
85,0.425,18,44,99,144,37,116.102,117.5,3436.5,264.0,0.011881
85,0.425,19,294,139,38,37,312.785,157.5,1263.5,264.0,0.011881
85,0.425,20,412,134,118,41,471.061,154.749,3784.5,264.0,0.011881
85,0.425,22,0,30,121,107,60.531,83.5,6269.0,264.0,0.011881
85,0.425,23,601,0,359,287,780.03,143.633,49951.0,264.0,0.011881
85,0.425,24,710,0,93,64,756.5,32.0,3046.5,264.0,0.011881
85,0.425,25,691,0,16,77,698.956,38.5,1032.0,264.0,0.011881
85,0.425,26,236,0,393,171,432.233,87.171,41217.5,264.0,0.011881
85,0.425,27,210,0,19,84,219.599,42.0,1179.5,264.0,0.011881
85,0.425,28,98,0,111,71,153.52,35.466,3884.0,264.0,0.011881
85,0.425,29,73,523,144,17,143.623,531.313,1826.5,264.0,0.011881
85,0.425,31,251,341,19,52,248.743,368.945,412.5,264.0,0.011881
85,0.425,34,748,292,52,9,770.135,296.701,289.0,264.0,0.011881
85,0.425,35,163,188,67,44,199.759,211.776,1115.5,264.0,0.011881
85,0.425,37,341,229,9,23,345.994,240.396,70.5,264.0,0.011881
85,0.425,38,838,19,28,17,863.687,20.639,128.5,264.0,0.011881
85,0.425,42,674,0,6,33,677.591,16.996,110.5,264.0,0.011881
85,0.425,44,480,0,480,386,719.954,179.521,67658.0,264.0,0.011881
85,0.425,52,741,50,68,38,776.596,68.106,200.5,264.0,0.011881
85,0.425,62,0,433,43,41,17.793,453.276,1034.5,264.0,0.011881
85,0.425,74,887,212,15,14,894.317,217.966,91.0,264.0,0.011881
85,0.425,99,156,320,44,9,178.6,324.388,238.5,264.0,0.011881
85,0.425,105,0,434,12,24,5.314,446.068,77.5,264.0,0.011881
85,0.425,107,680,238,31,4,687.769,269.181,63.0,264.0,0.011881
85,0.425,114,206,533,14,7,213.0,536.5,54.5,264.0,0.011881
85,0.425,115,667,374,43,19,688.5,383.5,502.0,264.0,0.011881
85,0.425,116,182,245,149,16,256.5,253.0,940.5,264.0,0.011881
85,0.425,117,62,484,20,12,72.0,490.0,80.5,264.0,0.011881
85,0.425,118,819,35,15,11,826.5,40.5,62.5,264.0,0.011881
86,0.43,1,0,430,257,110,120.308,475.507,18948.0,264.0,0.012408
86,0.43,2,451,373,500,167,701.003,457.854,54299.5,264.0,0.012408
86,0.43,3,484,368,14,20,490.733,378.148,213.5,264.0,0.012408
86,0.43,4,672,359,34,4,695.413,351.211,85.0,264.0,0.012408
86,0.43,5,0,341,209,60,104.211,370.626,10957.5,264.0,0.012408
86,0.43,6,250,339,145,55,311.105,365.697,5385.5,264.0,0.012408
86,0.43,8,682,303,278,83,820.824,344.454,13525.0,264.0,0.012408
86,0.43,9,908,302,17,18,916.56,310.835,184.0,264.0,0.012408
86,0.43,10,0,188,233,48,108.578,215.842,2086.0,264.0,0.012408
86,0.43,11,488,242,90,7,543.51,234.448,265.0,264.0,0.012408
86,0.43,12,874,237,59,56,903.517,264.808,2462.5,264.0,0.012408
86,0.43,13,234,223,95,12,276.667,228.775,574.0,264.0,0.012408
86,0.43,14,0,245,333,20,161.547,253.846,3365.5,264.0,0.012408
86,0.43,16,61,141,121,40,121.482,161.215,4498.5,264.0,0.012408
86,0.43,17,637,158,10,28,642.129,174.226,166.0,264.0,0.012408
86,0.43,18,44,99,144,37,116.077,117.5,3497.5,264.0,0.012408
86,0.43,19,293,139,39,37,312.715,157.5,1301.0,264.0,0.012408
86,0.43,20,412,134,118,42,471.041,154.823,3848.0,264.0,0.012408
86,0.43,22,0,30,122,107,60.642,83.5,6296.0,264.0,0.012408
86,0.43,23,601,0,359,287,779.844,143.708,49951.0,264.0,0.012408
86,0.43,24,710,0,93,64,756.5,32.0,2987.5,264.0,0.012408
86,0.43,25,691,0,15,77,698.846,38.5,955.0,264.0,0.012408
86,0.43,26,236,0,392,183,432.19,88.233,41296.0,264.0,0.012408
86,0.43,27,210,0,19,84,219.57,42.0,1155.5,264.0,0.012408
86,0.43,28,98,0,111,71,153.506,35.477,3898.0,264.0,0.012408
86,0.43,29,73,523,144,17,143.771,531.329,1826.5,264.0,0.012408
86,0.43,31,251,341,19,52,247.418,370.865,412.5,264.0,0.012408
86,0.43,34,748,292,52,9,770.203,296.691,289.0,264.0,0.012408
86,0.43,35,163,188,67,44,203.815,208.282,1115.5,264.0,0.012408
86,0.43,37,341,229,9,15,345.793,238.658,57.5,264.0,0.012408
86,0.43,38,838,19,28,17,863.476,20.794,128.5,264.0,0.012408
86,0.43,42,674,0,6,33,677.561,16.871,110.5,264.0,0.012408
86,0.43,44,481,0,479,313,720.168,171.508,54081.0,264.0,0.012408
86,0.43,52,741,50,68,38,775.783,68.567,200.5,264.0,0.012408
86,0.43,62,0,433,43,41,18.102,453.332,1034.5,264.0,0.012408
86,0.43,74,886,212,16,13,894.211,218.204,89.5,264.0,0.012408
86,0.43,99,176,321,17,6,181.223,324.187,79.5,264.0,0.012408
86,0.43,105,0,434,12,24,4.127,446.974,77.5,264.0,0.012408
86,0.43,107,680,238,31,4,687.601,265.529,63.0,264.0,0.012408
86,0.43,114,206,533,14,7,213.0,536.5,54.5,264.0,0.012408
86,0.43,115,667,374,43,19,688.5,383.5,502.0,264.0,0.012408
86,0.43,116,182,245,149,16,256.5,253.0,940.5,264.0,0.012408
86,0.43,117,62,484,20,12,72.0,490.0,80.5,264.0,0.012408
86,0.43,118,819,35,15,11,826.5,40.5,62.5,264.0,0.012408
86,0.43,119,158,321,15,7,165.5,324.5,63.0,264.0,0.012408
87,0.435,1,46,432,124,60,117.318,472.168,2306.0,396.0,0.011418
87,0.435,2,451,374,501,166,701.127,457.59,52598.5,396.0,0.011418
87,0.435,3,485,369,10,19,490.565,378.248,145.5,396.0,0.011418
87,0.435,4,707,327,12,7,700.827,344.479,54.5,396.0,0.011418
87,0.435,5,0,342,207,56,104.033,370.476,10524.0,396.0,0.011418
87,0.435,6,290,355,30,35,309.491,367.381,357.0,396.0,0.011418
87,0.435,8,682,305,278,80,820.841,344.6,12400.0,396.0,0.011418
87,0.435,9,909,302,16,18,916.664,310.867,169.0,396.0,0.011418
87,0.435,10,0,226,158,8,100.653,219.532,402.5,396.0,0.011418
87,0.435,11,488,242,90,7,543.27,234.636,265.0,396.0,0.011418
87,0.435,12,874,238,59,54,903.503,264.859,2265.0,396.0,0.011418
87,0.435,13,276,225,19,7,279.213,228.722,89.0,396.0,0.011418
87,0.435,14,85,250,84,14,149.043,254.757,754.0,396.0,0.011418
87,0.435,16,62,142,120,39,121.612,161.285,4364.0,396.0,0.011418
87,0.435,17,637,158,10,28,642.112,174.28,166.0,396.0,0.011418
87,0.435,18,44,99,144,37,116.055,117.5,3422.5,396.0,0.011418
87,0.435,19,294,139,38,37,312.785,157.5,1265.5,396.0,0.011418
87,0.435,20,412,134,118,41,471.024,154.753,3775.5,396.0,0.011418
87,0.435,22,0,30,122,107,60.738,83.5,6242.0,396.0,0.011418
87,0.435,23,606,0,354,287,780.988,143.67,49587.0,396.0,0.011418
87,0.435,24,710,0,93,64,756.5,32.0,3050.5,396.0,0.011418
87,0.435,25,691,0,16,77,698.883,38.5,1037.0,396.0,0.011418
87,0.435,26,236,0,392,169,432.151,87.313,41016.0,396.0,0.011418
87,0.435,27,210,0,19,84,219.545,42.0,1152.0,396.0,0.011418
87,0.435,28,98,0,110,70,153.364,35.356,3862.0,396.0,0.011418
87,0.435,29,73,522,136,18,142.757,531.208,1765.5,396.0,0.011418
87,0.435,34,742,292,53,9,769.566,296.61,271.0,396.0,0.011418
87,0.435,35,163,188,67,44,201.804,207.569,1108.5,396.0,0.011418
87,0.435,37,341,229,9,15,345.807,238.5,57.5,396.0,0.011418
87,0.435,38,838,19,28,17,863.266,20.948,128.5,396.0,0.011418
87,0.435,42,676,0,5,31,677.917,16.251,81.0,396.0,0.011418
87,0.435,44,481,0,479,313,720.188,172.194,54081.0,396.0,0.011418
87,0.435,52,741,50,68,38,774.971,69.029,200.5,396.0,0.011418
87,0.435,62,26,434,16,12,24.628,448.049,82.5,396.0,0.011418
87,0.435,74,886,212,16,13,894.203,218.304,89.5,396.0,0.011418
87,0.435,99,176,321,17,6,181.911,324.095,79.5,396.0,0.011418
87,0.435,105,0,434,12,24,2.94,447.88,77.5,396.0,0.011418
87,0.435,107,680,238,31,4,687.433,261.877,63.0,396.0,0.011418
87,0.435,115,667,374,43,19,688.5,383.5,502.0,396.0,0.011418
87,0.435,116,178,245,154,18,255.043,253.971,1003.0,396.0,0.011418
87,0.435,117,62,484,20,12,72.0,490.0,80.5,396.0,0.011418
87,0.435,118,819,35,15,11,826.5,40.5,62.5,396.0,0.011418
87,0.435,119,158,321,15,7,165.5,324.5,63.0,396.0,0.011418
87,0.435,120,244,225,27,7,257.5,228.5,88.0,396.0,0.011418
88,0.44,1,0,430,258,110,120.239,475.322,18966.5,264.0,0.010964
88,0.44,2,451,373,500,167,701.102,457.241,54350.0,264.0,0.010964
88,0.44,3,484,368,13,20,490.55,378.201,209.0,264.0,0.010964
88,0.44,4,674,359,30,4,697.905,348.322,78.5,264.0,0.010964
88,0.44,5,0,341,208,59,104.012,370.478,10966.0,264.0,0.010964
88,0.44,6,250,339,146,55,312.831,367.254,5598.0,264.0,0.010964
88,0.44,8,682,304,278,82,820.856,344.714,13451.0,264.0,0.010964
88,0.44,9,909,302,16,18,916.753,310.895,189.5,264.0,0.010964
88,0.44,10,0,188,232,49,103.637,218.087,2139.0,264.0,0.010964
88,0.44,11,483,242,115,7,542.213,238.268,346.0,264.0,0.010964
88,0.44,12,874,237,59,56,903.492,264.902,2440.0,264.0,0.010964
88,0.44,13,234,223,96,12,280.42,228.805,593.5,264.0,0.010964
88,0.44,14,0,244,333,21,149.364,254.858,3534.5,264.0,0.010964
88,0.44,16,61,141,121,40,121.593,161.215,4496.5,264.0,0.010964
88,0.44,17,637,160,11,26,642.235,173.875,188.0,264.0,0.010964
88,0.44,18,44,99,144,37,116.037,117.5,3492.5,264.0,0.010964
88,0.44,19,293,139,39,37,312.715,157.5,1314.0,264.0,0.010964
88,0.44,20,412,133,119,43,471.142,154.692,3882.0,264.0,0.010964
88,0.44,22,0,30,122,107,60.818,83.5,6307.5,264.0,0.010964
88,0.44,23,606,0,354,287,780.965,143.731,49587.0,264.0,0.010964
88,0.44,24,710,0,93,64,756.5,32.0,3005.5,264.0,0.010964
88,0.44,25,691,0,16,77,698.914,38.5,970.5,264.0,0.010964
88,0.44,26,236,0,392,183,432.116,88.355,41444.0,264.0,0.010964
88,0.44,27,210,0,19,84,219.526,42.0,1163.0,264.0,0.010964
88,0.44,28,98,0,111,71,153.376,35.384,3898.0,264.0,0.010964
88,0.44,29,73,522,136,18,142.761,531.208,1765.5,264.0,0.010964
88,0.44,34,742,292,53,9,769.548,296.591,271.0,264.0,0.010964
88,0.44,35,163,188,67,44,205.206,204.375,1108.5,264.0,0.010964
88,0.44,37,346,230,4,21,346.736,239.249,52.5,264.0,0.010964
88,0.44,38,838,19,28,17,863.055,21.103,128.5,264.0,0.010964
88,0.44,42,676,0,5,31,677.935,16.065,81.0,264.0,0.010964
88,0.44,44,481,0,479,314,720.325,166.56,55133.5,264.0,0.010964
88,0.44,52,741,50,68,38,774.159,69.49,200.5,264.0,0.010964
88,0.44,62,26,434,16,12,25.707,447.446,82.5,264.0,0.010964
88,0.44,74,886,212,16,13,894.195,218.403,89.5,264.0,0.010964
88,0.44,99,156,320,41,10,180.16,324.402,284.0,264.0,0.010964
88,0.44,105,0,434,12,24,1.752,448.786,77.5,264.0,0.010964
88,0.44,107,674,290,21,4,685.959,274.181,55.5,264.0,0.010964
88,0.44,115,667,374,43,19,688.5,383.5,502.0,264.0,0.010964
88,0.44,116,231,273,27,3,248.413,266.712,52.0,264.0,0.010964
88,0.44,117,62,484,20,12,72.0,490.0,80.5,264.0,0.010964
88,0.44,118,819,35,15,11,826.5,40.5,62.5,264.0,0.010964
88,0.44,119,158,321,15,7,165.5,324.5,63.0,264.0,0.010964
88,0.44,120,244,225,27,7,257.5,228.5,88.0,264.0,0.010964
89,0.445,1,0,431,191,72,113.979,473.319,5835.5,264.0,0.011457
89,0.445,2,451,374,500,166,701.08,457.086,53034.0,264.0,0.011457
89,0.445,3,485,369,11,19,490.537,378.289,151.5,264.0,0.011457
89,0.445,4,707,326,14,8,702.544,342.767,57.0,264.0,0.011457
89,0.445,5,0,342,208,56,103.996,370.35,10623.5,264.0,0.011457
89,0.445,6,250,340,78,53,306.802,367.131,2818.0,264.0,0.011457
89,0.445,8,682,304,278,81,820.872,344.671,12626.5,264.0,0.011457
89,0.445,9,909,302,15,17,916.697,310.79,164.5,264.0,0.011457
89,0.445,10,15,226,144,8,98.737,221.378,426.0,264.0,0.011457
89,0.445,11,543,218,27,6,546.266,233.543,86.5,264.0,0.011457
89,0.445,12,874,237,59,54,903.485,264.676,2332.0,264.0,0.011457
89,0.445,13,241,224,56,9,277.974,228.744,282.0,264.0,0.011457
89,0.445,14,64,245,268,19,158.555,254.919,2147.5,264.0,0.011457
89,0.445,16,62,142,120,39,121.705,161.285,4385.5,264.0,0.011457
89,0.445,17,639,162,7,18,642.319,172.976,77.0,264.0,0.011457
89,0.445,18,44,99,144,37,116.022,117.5,3447.5,264.0,0.011457
89,0.445,19,294,139,38,37,312.785,157.5,1269.5,264.0,0.011457
89,0.445,20,412,134,118,41,471.112,154.639,3788.5,264.0,0.011457
89,0.445,22,0,30,122,107,60.885,83.5,6276.0,264.0,0.011457
89,0.445,23,602,0,358,286,780.966,143.477,50181.0,264.0,0.011457
89,0.445,24,710,0,93,64,756.5,32.0,3050.5,264.0,0.011457
89,0.445,25,691,0,16,77,698.941,38.5,1042.5,264.0,0.011457
89,0.445,26,236,0,392,166,432.086,87.024,41208.5,264.0,0.011457
89,0.445,27,210,0,19,84,219.51,42.0,1172.5,264.0,0.011457
89,0.445,28,98,0,111,71,153.39,35.408,3890.0,264.0,0.011457
89,0.445,29,72,522,147,18,143.853,531.125,1831.5,264.0,0.011457
89,0.445,34,738,293,59,8,768.721,296.743,322.5,264.0,0.011457
89,0.445,35,162,188,68,44,202.878,205.189,1135.0,264.0,0.011457
89,0.445,37,346,230,4,21,346.856,239.195,52.5,264.0,0.011457
89,0.445,38,849,7,37,23,865.619,19.614,142.0,264.0,0.011457
89,0.445,42,675,0,6,27,677.972,14.932,96.5,264.0,0.011457
89,0.445,44,481,0,479,314,720.36,166.467,55133.5,264.0,0.011457
89,0.445,52,771,58,22,14,777.856,67.371,55.5,264.0,0.011457
89,0.445,62,26,434,16,12,26.785,446.842,82.5,264.0,0.011457
89,0.445,74,886,212,16,13,894.188,218.503,89.5,264.0,0.011457
89,0.445,99,156,320,41,10,180.548,324.36,284.0,264.0,0.011457
89,0.445,107,674,290,21,4,685.636,272.423,55.5,264.0,0.011457
89,0.445,116,231,273,27,3,246.487,270.091,52.0,264.0,0.011457
89,0.445,117,62,484,20,12,72.0,490.0,80.5,264.0,0.011457
89,0.445,118,807,38,24,14,819.214,44.872,81.0,264.0,0.011457
89,0.445,119,158,321,15,7,165.5,324.5,63.0,264.0,0.011457
89,0.445,120,244,225,27,7,257.5,228.5,88.0,264.0,0.011457
89,0.445,121,676,37,4,24,678.0,49.0,51.0,264.0,0.011457
90,0.45,1,0,430,257,110,117.269,476.301,18898.0,264.0,0.01168
90,0.45,2,451,373,500,167,701.061,456.838,54375.0,264.0,0.01168
90,0.45,3,484,368,13,20,490.526,378.232,205.0,264.0,0.01168
90,0.45,4,672,359,33,4,699.348,346.747,84.0,264.0,0.01168
90,0.45,5,0,341,208,59,103.984,370.372,10925.0,264.0,0.01168
90,0.45,6,250,339,145,55,310.421,367.016,5574.5,264.0,0.01168
90,0.45,8,682,304,278,82,820.888,344.766,13467.5,264.0,0.01168
90,0.45,9,909,302,16,18,916.779,310.832,184.5,264.0,0.01168
90,0.45,10,0,187,233,49,102.376,219.306,2059.5,264.0,0.01168
90,0.45,11,535,242,41,6,549.098,236.768,142.0,264.0,0.01168
90,0.45,12,874,237,59,57,903.48,264.876,2482.0,264.0,0.01168
90,0.45,13,234,223,96,12,279.221,228.819,557.5,264.0,0.01168
90,0.45,14,0,245,333,21,158.576,255.21,3494.0,264.0,0.01168
90,0.45,16,61,141,121,40,121.669,161.215,4512.5,264.0,0.01168
90,0.45,17,637,158,10,27,642.235,172.457,168.0,264.0,0.01168
90,0.45,18,44,99,144,37,116.01,117.5,3487.0,264.0,0.01168
90,0.45,19,293,139,39,37,312.715,157.5,1320.5,264.0,0.01168
90,0.45,20,412,133,119,43,471.216,154.595,3869.0,264.0,0.01168
90,0.45,22,0,30,121,107,60.808,83.5,6315.0,264.0,0.01168
90,0.45,23,602,0,358,286,780.946,143.499,50181.0,264.0,0.01168
90,0.45,24,710,0,93,64,756.5,32.0,3004.5,264.0,0.01168
90,0.45,25,691,0,15,77,698.832,38.5,973.5,264.0,0.01168
90,0.45,26,236,0,392,183,432.06,88.108,41330.0,264.0,0.01168
90,0.45,27,210,0,19,84,219.499,42.0,1156.0,264.0,0.01168
90,0.45,28,98,0,111,71,153.405,35.43,3912.0,264.0,0.01168
90,0.45,29,72,522,147,18,143.992,531.114,1831.5,264.0,0.01168
90,0.45,34,738,293,59,8,768.603,296.745,322.5,264.0,0.01168
90,0.45,35,162,188,68,44,205.653,202.434,1135.0,264.0,0.01168
90,0.45,37,346,230,4,21,346.975,239.142,52.5,264.0,0.01168
90,0.45,38,849,7,37,23,865.677,19.609,142.0,264.0,0.01168
90,0.45,42,675,0,6,27,677.992,14.63,96.5,264.0,0.01168
90,0.45,44,481,0,479,314,720.437,162.643,54201.5,264.0,0.01168
90,0.45,52,771,58,22,14,777.562,67.536,55.5,264.0,0.01168
90,0.45,62,26,434,16,12,27.864,446.238,82.5,264.0,0.01168
90,0.45,74,886,212,17,9,894.339,217.554,73.0,264.0,0.01168
90,0.45,99,156,321,36,7,178.17,324.39,162.5,264.0,0.01168
90,0.45,107,674,290,21,4,685.313,270.665,55.5,264.0,0.01168
90,0.45,116,231,273,27,3,244.561,273.47,52.0,264.0,0.01168
90,0.45,117,62,484,20,12,72.0,490.0,80.5,264.0,0.01168
90,0.45,118,807,38,24,14,817.499,45.901,81.0,264.0,0.01168
90,0.45,119,158,321,15,7,165.5,324.5,63.0,264.0,0.01168
90,0.45,120,244,225,27,7,257.5,228.5,88.0,264.0,0.01168
90,0.45,121,676,37,4,24,678.0,49.0,51.0,264.0,0.01168
90,0.45,122,481,243,27,6,494.5,246.0,91.0,264.0,0.01168
91,0.455,1,0,431,186,67,110.853,473.481,6276.5,264.0,0.011633
91,0.455,2,451,374,500,166,701.044,456.772,52914.0,264.0,0.011633
91,0.455,3,485,368,11,19,490.517,378.05,157.0,264.0,0.011633
91,0.455,4,708,326,11,8,703.313,341.87,57.0,264.0,0.011633
91,0.455,5,0,342,208,57,103.976,370.394,10595.0,264.0,0.011633
91,0.455,6,251,340,80,49,305.325,366.388,1606.5,264.0,0.011633
91,0.455,8,682,304,278,81,820.903,344.713,12675.0,264.0,0.011633
91,0.455,9,909,302,15,18,916.718,310.869,172.5,264.0,0.011633
91,0.455,10,10,192,220,42,106.522,217.867,1552.5,264.0,0.011633
91,0.455,11,538,218,34,6,551.179,232.684,104.0,264.0,0.011633
91,0.455,12,874,238,59,54,903.477,264.916,2356.5,264.0,0.011633
91,0.455,13,238,224,56,8,276.067,228.621,248.0,264.0,0.011633
91,0.455,14,71,245,261,20,168.094,255.305,2119.0,264.0,0.011633
91,0.455,16,62,142,120,39,121.767,161.285,4403.0,264.0,0.011633
91,0.455,17,639,164,8,22,642.448,173.036,103.5,264.0,0.011633
91,0.455,18,44,99,144,37,116.001,117.5,3437.5,264.0,0.011633
91,0.455,19,293,139,39,37,312.655,157.5,1265.5,264.0,0.011633
91,0.455,20,412,134,118,41,471.173,154.559,3765.5,264.0,0.011633
91,0.455,22,0,30,122,107,60.87,83.5,6272.0,264.0,0.011633
91,0.455,23,606,0,354,286,781.752,143.314,50284.0,264.0,0.011633
91,0.455,24,710,0,93,64,756.5,32.0,3058.5,264.0,0.011633
91,0.455,25,691,0,16,77,698.869,38.5,1047.0,264.0,0.011633
91,0.455,26,236,0,393,168,432.169,87.078,41177.5,264.0,0.011633
91,0.455,27,210,0,19,84,219.49,42.0,1161.5,264.0,0.011633
91,0.455,28,98,0,111,71,153.419,35.449,3883.0,264.0,0.011633
91,0.455,29,72,521,147,19,144.675,530.863,1794.0,264.0,0.011633
91,0.455,34,750,292,44,9,769.884,296.649,263.5,264.0,0.011633
91,0.455,35,162,188,68,44,208.428,199.679,1135.0,264.0,0.011633
91,0.455,37,346,230,4,21,347.095,239.089,52.5,264.0,0.011633
91,0.455,38,867,0,38,20,875.329,15.058,142.5,264.0,0.011633
91,0.455,42,675,0,6,56,678.008,19.769,178.5,264.0,0.011633
91,0.455,44,481,0,479,314,720.477,162.09,54201.5,264.0,0.011633
91,0.455,52,748,18,118,66,790.763,60.121,448.5,264.0,0.011633
91,0.455,62,26,434,16,12,28.942,445.634,82.5,264.0,0.011633
91,0.455,74,886,212,17,9,894.351,217.528,73.0,264.0,0.011633
91,0.455,99,156,321,36,7,178.218,324.357,162.5,264.0,0.011633
91,0.455,107,674,290,21,4,684.99,268.908,55.5,264.0,0.011633
91,0.455,116,231,273,27,3,242.635,276.849,52.0,264.0,0.011633
91,0.455,118,807,38,24,14,815.784,46.93,81.0,264.0,0.011633
91,0.455,119,158,321,15,7,165.5,324.5,63.0,264.0,0.011633
91,0.455,120,244,225,27,7,257.5,228.5,88.0,264.0,0.011633
91,0.455,121,676,37,4,24,678.0,49.0,51.0,264.0,0.011633
91,0.455,122,481,243,27,6,494.5,246.0,91.0,264.0,0.011633
91,0.455,123,253,379,17,14,261.5,386.0,156.5,264.0,0.011633
91,0.455,124,268,369,20,11,278.0,374.5,74.5,264.0,0.011633
91,0.455,125,39,257,14,7,46.0,260.5,52.5,264.0,0.011633
92,0.46,1,0,430,258,110,114.836,476.41,18942.5,264.0,0.012286
92,0.46,2,451,373,500,167,701.03,456.601,54463.5,264.0,0.012286
92,0.46,3,484,368,13,20,490.509,378.025,205.5,264.0,0.012286
92,0.46,4,667,359,38,5,699.331,346.177,88.0,264.0,0.012286
92,0.46,5,0,341,208,60,103.971,370.544,10941.5,264.0,0.012286
92,0.46,6,250,339,146,55,309.374,366.375,5561.0,264.0,0.012286
92,0.46,8,681,304,279,81,820.787,344.666,13434.0,264.0,0.012286
92,0.46,9,908,302,17,18,916.664,310.901,190.5,264.0,0.012286
92,0.46,10,0,188,232,49,109.057,216.487,2164.5,264.0,0.012286
92,0.46,11,537,242,48,5,554.435,235.696,135.0,264.0,0.012286
92,0.46,12,874,237,59,56,903.476,264.949,2451.0,264.0,0.012286
92,0.46,13,234,223,93,12,277.14,228.712,604.5,264.0,0.012286
92,0.46,14,0,242,334,24,167.341,255.1,3601.0,264.0,0.012286
92,0.46,16,61,141,121,40,121.717,161.215,4499.5,264.0,0.012286
92,0.46,17,637,161,10,25,642.348,173.108,191.5,264.0,0.012286
92,0.46,18,44,99,144,37,115.994,117.5,3503.5,264.0,0.012286
92,0.46,19,293,139,39,37,312.604,157.5,1318.5,264.0,0.012286
92,0.46,20,412,134,119,42,471.265,154.66,3849.0,264.0,0.012286
92,0.46,22,0,30,122,107,60.921,83.5,6308.5,264.0,0.012286
92,0.46,23,606,0,354,286,781.834,143.31,50284.0,264.0,0.012286
92,0.46,24,710,0,92,64,756.369,32.0,3002.5,264.0,0.012286
92,0.46,25,691,0,16,77,698.902,38.5,966.5,264.0,0.012286
92,0.46,26,236,0,392,183,432.132,88.16,41370.0,264.0,0.012286
92,0.46,27,210,0,19,84,219.484,42.0,1166.5,264.0,0.012286
92,0.46,28,98,0,111,71,153.432,35.465,3890.5,264.0,0.012286
92,0.46,29,72,521,147,19,144.881,530.823,1794.0,264.0,0.012286
92,0.46,34,750,292,44,9,769.938,296.64,263.5,264.0,0.012286
92,0.46,35,162,188,68,44,211.202,196.924,1135.0,264.0,0.012286
92,0.46,37,340,231,10,20,346.06,240.06,56.5,264.0,0.012286
92,0.46,38,867,0,38,20,876.378,14.583,142.5,264.0,0.012286
92,0.46,42,675,0,6,56,678.027,20.138,178.5,264.0,0.012286
92,0.46,44,481,0,479,313,720.51,159.532,54323.0,264.0,0.012286
92,0.46,52,748,18,118,66,791.998,59.427,448.5,264.0,0.012286
92,0.46,62,26,434,16,12,30.02,445.03,82.5,264.0,0.012286
92,0.46,74,886,212,16,14,894.2,218.172,96.5,264.0,0.012286
92,0.46,99,155,320,43,8,177.563,324.194,209.0,264.0,0.012286
92,0.46,107,674,290,21,4,684.667,267.15,55.5,264.0,0.012286
92,0.46,116,231,273,27,3,240.71,280.228,52.0,264.0,0.012286
92,0.46,118,807,38,24,14,814.069,47.959,81.0,264.0,0.012286
92,0.46,120,244,225,27,7,257.5,228.5,88.0,264.0,0.012286
92,0.46,121,676,37,4,24,678.0,49.0,51.0,264.0,0.012286
92,0.46,122,481,244,44,5,502.228,246.455,122.0,264.0,0.012286
92,0.46,123,253,379,17,14,261.5,386.0,156.5,264.0,0.012286
92,0.46,124,268,369,20,11,278.0,374.5,74.5,264.0,0.012286
92,0.46,125,39,257,14,7,46.0,260.5,52.5,264.0,0.012286
93,0.465,1,44,431,143,60,114.794,472.631,4835.0,264.0,0.013247
93,0.465,2,451,374,500,166,701.018,456.602,53104.5,264.0,0.013247
93,0.465,3,485,369,11,18,490.503,378.006,142.5,264.0,0.013247
93,0.465,4,707,326,13,8,703.126,341.643,71.5,264.0,0.013247
93,0.465,5,0,342,207,56,103.838,370.412,10600.5,264.0,0.013247
93,0.465,6,251,340,84,53,305.047,366.37,2624.5,264.0,0.013247
93,0.465,8,683,304,277,81,820.952,344.625,12589.5,264.0,0.013247
93,0.465,9,909,302,15,17,916.618,310.798,159.5,264.0,0.013247
93,0.465,10,23,192,207,43,113.941,215.575,1558.0,264.0,0.013247
93,0.465,11,536,219,34,5,554.913,232.08,101.5,264.0,0.013247
93,0.465,12,875,237,58,55,903.606,264.845,2335.5,264.0,0.013247
93,0.465,13,238,224,60,8,274.795,228.529,286.5,264.0,0.013247
93,0.465,14,79,245,253,20,176.872,255.169,2134.0,264.0,0.013247
93,0.465,16,62,142,120,39,121.803,161.285,4417.0,264.0,0.013247
93,0.465,17,639,162,7,24,642.396,173.307,120.0,264.0,0.013247
93,0.465,18,44,99,144,37,115.989,117.5,3444.5,264.0,0.013247
93,0.465,19,294,139,38,37,312.693,157.5,1259.5,264.0,0.013247
93,0.465,20,412,134,118,41,471.212,154.618,3780.0,264.0,0.013247
93,0.465,22,0,30,121,107,60.83,83.5,6264.5,264.0,0.013247
93,0.465,23,598,0,362,287,780.756,143.384,49981.5,264.0,0.013247
93,0.465,24,710,0,93,64,756.389,32.0,3036.5,264.0,0.013247
93,0.465,25,691,0,16,77,698.93,38.5,1064.0,264.0,0.013247
93,0.465,26,236,0,393,170,432.231,87.388,41211.0,264.0,0.013247
93,0.465,27,210,0,19,84,219.48,42.0,1161.0,264.0,0.013247
93,0.465,28,98,0,111,71,153.445,35.478,3884.5,264.0,0.013247
93,0.465,29,73,521,146,19,145.45,530.67,1937.0,264.0,0.013247
93,0.465,34,750,292,50,9,771.985,296.578,284.5,264.0,0.013247
93,0.465,35,162,188,68,44,213.977,194.168,1135.0,264.0,0.013247
93,0.465,37,340,231,10,20,346.051,240.121,56.5,264.0,0.013247
93,0.465,38,861,10,25,13,875.758,15.125,72.5,264.0,0.013247
93,0.465,42,675,0,6,48,678.028,21.897,141.0,264.0,0.013247
93,0.465,44,481,0,479,313,720.55,158.732,54323.0,264.0,0.013247
93,0.465,52,752,55,46,27,785.556,62.845,164.5,264.0,0.013247
93,0.465,62,0,433,43,40,25.104,449.781,792.0,264.0,0.013247
93,0.465,74,886,212,16,14,894.193,218.224,96.5,264.0,0.013247
93,0.465,99,155,320,43,8,177.524,324.145,209.0,264.0,0.013247
93,0.465,107,674,290,21,4,684.344,265.393,55.5,264.0,0.013247
93,0.465,116,231,273,27,3,238.784,283.606,52.0,264.0,0.013247
93,0.465,118,818,23,42,23,834.993,36.679,132.5,264.0,0.013247
93,0.465,121,676,37,4,24,678.0,49.0,51.0,264.0,0.013247
93,0.465,122,481,244,44,5,505.318,246.636,122.0,264.0,0.013247
93,0.465,123,253,379,17,14,261.5,386.0,156.5,264.0,0.013247
93,0.465,124,268,369,20,11,278.0,374.5,74.5,264.0,0.013247
93,0.465,125,31,257,20,5,41.454,259.591,61.0,264.0,0.013247
93,0.465,126,63,482,19,15,72.5,489.5,141.5,264.0,0.013247
94,0.47,1,0,430,256,110,118.057,475.665,18840.0,264.0,0.011697
94,0.47,2,451,373,500,167,701.009,456.487,54503.0,264.0,0.011697
94,0.47,3,484,368,13,20,490.499,377.991,212.5,264.0,0.011697
94,0.47,4,672,359,32,5,699.639,346.11,85.5,264.0,0.011697
94,0.47,5,0,341,209,59,103.987,370.428,10955.0,264.0,0.011697
94,0.47,6,250,339,145,55,309.099,366.371,5545.5,264.0,0.011697
94,0.47,8,683,304,277,81,820.951,344.622,12589.5,264.0,0.011697
94,0.47,9,908,302,17,18,916.58,310.842,185.0,264.0,0.011697
94,0.47,10,0,188,232,50,115.286,214.691,2152.5,264.0,0.011697
94,0.47,11,537,242,42,6,556.516,235.24,133.0,264.0,0.011697
94,0.47,12,874,237,59,56,903.587,264.885,2451.5,264.0,0.011697
94,0.47,13,234,223,95,12,276.329,228.634,578.0,264.0,0.011697
94,0.47,14,0,244,333,22,174.78,255.214,3610.5,264.0,0.011697
94,0.47,16,61,141,121,40,121.743,161.215,4509.5,264.0,0.011697
94,0.47,17,638,158,10,28,642.568,172.949,178.5,264.0,0.011697
94,0.47,18,44,99,144,37,115.986,117.5,3496.5,264.0,0.011697
94,0.47,19,293,139,39,37,312.641,157.5,1307.5,264.0,0.011697
94,0.47,20,411,134,119,42,471.034,154.712,3824.0,264.0,0.011697
94,0.47,22,0,30,121,107,60.751,83.5,6292.5,264.0,0.011697
94,0.47,23,598,0,362,287,780.695,143.39,49981.5,264.0,0.011697
94,0.47,24,710,0,93,64,756.408,32.0,2997.5,264.0,0.011697
94,0.47,25,691,0,15,77,698.823,38.5,963.0,264.0,0.011697
94,0.47,26,236,0,392,183,432.183,88.425,41358.0,264.0,0.011697
94,0.47,27,210,0,20,84,219.609,42.0,1158.5,264.0,0.011697
94,0.47,28,98,0,111,71,153.457,35.488,3902.5,264.0,0.011697
94,0.47,29,73,521,146,19,145.701,530.616,1937.0,264.0,0.011697
94,0.47,34,750,292,50,9,772.285,296.562,284.5,264.0,0.011697
94,0.47,35,162,188,68,44,216.752,191.413,1135.0,264.0,0.011697
94,0.47,37,340,231,10,20,346.041,240.182,56.5,264.0,0.011697
94,0.47,38,861,10,25,13,876.619,14.765,72.5,264.0,0.011697
94,0.47,42,675,0,6,48,678.046,22.437,141.0,264.0,0.011697
94,0.47,44,480,0,480,385,720.355,171.691,67619.0,264.0,0.011697
94,0.47,52,752,55,46,27,785.902,62.627,164.5,264.0,0.011697
94,0.47,62,0,433,43,40,25.566,449.728,792.0,264.0,0.011697
94,0.47,74,884,212,18,15,893.687,218.79,93.5,264.0,0.011697
94,0.47,99,179,320,15,8,181.075,324.058,67.5,264.0,0.011697
94,0.47,118,818,23,42,23,837.06,35.651,132.5,264.0,0.011697
94,0.47,121,676,37,4,24,678.0,49.0,51.0,264.0,0.011697
94,0.47,122,481,243,27,6,497.0,246.147,81.5,264.0,0.011697
94,0.47,123,253,379,17,14,261.5,386.0,156.5,264.0,0.011697
94,0.47,124,268,369,20,11,278.0,374.5,74.5,264.0,0.011697
94,0.47,125,31,257,20,5,39.636,259.227,61.0,264.0,0.011697
94,0.47,126,63,482,19,15,72.5,489.5,141.5,264.0,0.011697
95,0.475,1,46,431,156,60,119.805,471.993,5161.5,396.0,0.012661
95,0.475,2,451,374,500,166,701.002,456.533,53174.0,396.0,0.012661
95,0.475,3,485,369,11,19,490.496,378.111,160.0,396.0,0.012661
95,0.475,4,708,326,13,8,703.555,341.751,66.0,396.0,0.012661
95,0.475,5,0,342,208,57,103.987,370.444,10596.0,396.0,0.012661
95,0.475,6,272,340,57,50,306.856,365.985,1193.0,396.0,0.012661
95,0.475,8,683,303,277,82,821.128,344.419,12593.5,396.0,0.012661
95,0.475,9,909,302,16,18,916.679,310.88,175.0,396.0,0.012661
95,0.475,10,0,188,231,46,116.177,213.451,1609.0,396.0,0.012661
95,0.475,11,544,219,53,5,561.03,231.765,135.0,396.0,0.012661
95,0.475,12,874,237,59,55,903.57,264.789,2373.0,396.0,0.012661
95,0.475,13,240,224,58,9,274.395,228.596,287.5,396.0,0.012661
95,0.475,14,79,245,253,19,183.134,255.108,2133.0,396.0,0.012661
95,0.475,16,62,142,120,39,121.82,161.285,4386.5,396.0,0.012661
95,0.475,17,638,159,7,19,642.315,171.729,80.5,396.0,0.012661
95,0.475,18,44,99,144,37,115.984,117.5,3431.5,396.0,0.012661
95,0.475,19,294,139,38,37,312.727,157.5,1271.0,396.0,0.012661
95,0.475,20,412,134,118,41,471.012,154.663,3782.5,396.0,0.012661
95,0.475,22,0,30,121,107,60.683,83.5,6268.0,396.0,0.012661
95,0.475,23,601,0,359,286,780.58,143.238,50330.0,396.0,0.012661
95,0.475,24,710,0,93,64,756.426,32.0,3059.5,396.0,0.012661
95,0.475,25,691,0,16,77,698.862,38.5,1054.0,396.0,0.012661
95,0.475,26,236,0,392,171,432.14,87.742,41176.0,396.0,0.012661
95,0.475,27,210,0,19,84,219.588,42.0,1155.0,396.0,0.012661
95,0.475,28,98,0,110,71,153.336,35.497,3867.5,396.0,0.012661
95,0.475,29,73,523,143,17,145.373,530.936,1836.0,396.0,0.012661
95,0.475,34,744,292,54,9,771.954,296.528,304.5,396.0,0.012661
95,0.475,37,340,231,10,20,346.032,240.244,56.5,396.0,0.012661
95,0.475,38,849,12,31,18,872.199,17.089,112.5,396.0,0.012661
95,0.475,42,674,0,7,51,677.839,23.981,171.0,396.0,0.012661
95,0.475,44,480,0,480,385,720.365,172.587,67619.0,396.0,0.012661
95,0.475,52,772,39,58,32,792.236,59.402,202.5,396.0,0.012661
95,0.475,62,0,434,43,45,23.819,453.005,1081.0,396.0,0.012661
95,0.475,74,884,212,18,15,893.621,218.903,93.5,396.0,0.012661
95,0.475,99,179,320,15,8,181.479,324.003,67.5,396.0,0.012661
95,0.475,118,831,30,17,9,839.358,34.547,59.0,396.0,0.012661
95,0.475,122,481,243,27,6,496.433,246.114,81.5,396.0,0.012661
95,0.475,123,252,361,17,32,260.529,377.257,263.5,396.0,0.012661
95,0.475,124,264,360,24,19,276.057,369.643,233.0,396.0,0.012661
95,0.475,125,31,257,20,5,37.818,258.864,61.0,396.0,0.012661
95,0.475,126,61,484,20,11,71.136,489.5,148.0,396.0,0.012661
95,0.475,127,314,350,9,10,318.5,355.0,53.0,396.0,0.012661
95,0.475,128,251,341,16,16,259.0,349.0,160.0,396.0,0.012661
95,0.475,129,738,71,31,18,753.5,80.0,97.5,396.0,0.012661
96,0.48,1,0,430,257,110,122.432,475.13,18976.5,265.0,0.011512
96,0.48,2,451,373,500,167,700.997,456.455,54388.5,265.0,0.011512
96,0.48,3,484,368,13,20,490.494,378.085,208.0,265.0,0.011512
96,0.48,4,673,359,32,5,700.194,346.325,80.5,265.0,0.011512
96,0.48,5,0,341,209,59,104.118,370.457,10983.0,265.0,0.011512
96,0.48,6,250,339,146,55,310.836,366.054,5610.0,265.0,0.011512
96,0.48,8,681,304,279,81,820.956,344.421,13420.5,265.0,0.011512
96,0.48,9,909,302,16,18,916.764,310.912,184.0,265.0,0.011512
96,0.48,10,0,187,328,50,129.484,212.702,2738.0,265.0,0.011512
96,0.48,11,532,242,47,6,560.794,234.962,181.0,265.0,0.011512
96,0.48,12,874,237,59,56,903.554,264.837,2468.5,265.0,0.011512
96,0.48,13,240,224,58,9,274.088,228.586,287.5,265.0,0.011512
96,0.48,14,0,245,333,21,179.949,255.268,3671.5,265.0,0.011512
96,0.48,16,61,141,121,40,121.753,161.215,4517.5,265.0,0.011512
96,0.48,17,637,159,12,28,642.493,171.889,204.5,265.0,0.011512
96,0.48,18,44,99,144,37,115.984,117.5,3498.5,265.0,0.011512
96,0.48,19,293,139,39,37,312.67,157.5,1323.5,265.0,0.011512
96,0.48,20,412,134,119,42,471.126,154.75,3843.0,265.0,0.011512
96,0.48,22,0,30,121,107,60.626,83.5,6308.0,265.0,0.011512
96,0.48,23,601,0,359,286,780.513,143.225,50330.0,265.0,0.011512
96,0.48,24,710,0,93,64,756.442,32.0,2999.5,265.0,0.011512
96,0.48,25,691,0,16,77,698.896,38.5,974.5,265.0,0.011512
96,0.48,26,236,0,392,183,432.104,88.718,41444.5,265.0,0.011512
96,0.48,27,210,0,19,84,219.569,42.0,1168.5,265.0,0.011512
96,0.48,28,99,0,110,71,153.495,35.503,3895.0,265.0,0.011512
96,0.48,29,73,523,143,17,145.553,530.927,1836.0,265.0,0.011512
96,0.48,34,744,292,54,9,772.176,296.51,304.5,265.0,0.011512
96,0.48,37,341,230,9,15,345.729,238.729,57.5,265.0,0.011512
96,0.48,38,849,12,31,18,872.43,17.049,112.5,265.0,0.011512
96,0.48,42,674,0,7,51,677.829,24.645,171.0,265.0,0.011512
96,0.48,44,480,0,480,313,720.226,166.724,54922.5,265.0,0.011512
96,0.48,52,772,39,58,32,793.295,58.826,202.5,265.0,0.011512
96,0.48,62,0,434,43,45,24.051,453.297,1081.0,265.0,0.011512
96,0.48,74,884,212,18,15,893.555,219.016,93.5,265.0,0.011512
96,0.48,99,157,320,38,10,179.54,324.368,198.5,265.0,0.011512
96,0.48,118,831,30,17,9,841.46,33.508,59.0,265.0,0.011512
96,0.48,122,482,243,43,6,501.35,246.023,125.0,265.0,0.011512
96,0.48,123,252,361,17,32,260.3,375.199,263.5,265.0,0.011512
96,0.48,124,264,360,24,19,275.6,368.499,233.0,265.0,0.011512
96,0.48,125,31,257,20,5,36.0,258.5,61.0,265.0,0.011512
96,0.48,126,61,484,20,11,70.591,489.5,148.0,265.0,0.011512
96,0.48,127,314,350,9,10,318.5,355.0,53.0,265.0,0.011512
96,0.48,128,251,341,16,16,259.0,349.0,160.0,265.0,0.011512
96,0.48,129,738,71,31,18,753.5,80.0,97.5,265.0,0.011512
97,0.485,1,0,431,198,67,116.897,472.469,6733.5,265.0,0.011556
97,0.485,2,451,374,500,166,700.993,456.529,53027.5,265.0,0.011556
97,0.485,3,485,369,11,18,490.492,378.061,145.5,265.0,0.011556
97,0.485,4,683,338,46,16,701.731,346.231,563.0,265.0,0.011556
97,0.485,5,0,342,208,57,104.099,370.469,10619.5,265.0,0.011556
97,0.485,6,251,340,83,53,306.272,366.122,2040.0,265.0,0.011556
97,0.485,8,722,304,238,81,826.703,344.425,11946.0,265.0,0.011556
97,0.485,9,909,302,15,18,916.706,310.94,168.5,265.0,0.011556
97,0.485,10,0,188,231,46,127.965,211.86,1615.5,265.0,0.011556
97,0.485,11,542,218,39,6,561.986,231.432,124.0,265.0,0.011556
97,0.485,12,874,237,59,55,903.541,264.749,2362.5,265.0,0.011556
97,0.485,13,237,224,59,9,271.435,228.552,290.5,265.0,0.011556
97,0.485,14,71,245,261,20,186.239,255.264,2198.5,265.0,0.011556
97,0.485,16,61,142,121,39,121.694,161.285,4411.5,265.0,0.011556
97,0.485,17,640,164,5,22,642.511,172.575,65.5,265.0,0.011556
97,0.485,18,44,99,144,37,115.984,117.5,3441.5,265.0,0.011556
97,0.485,19,294,139,38,37,312.753,157.5,1278.0,265.0,0.011556
97,0.485,20,412,134,118,41,471.095,154.694,3787.5,265.0,0.011556
97,0.485,22,0,30,121,107,60.578,83.5,6268.5,265.0,0.011556
97,0.485,23,603,0,357,287,780.865,143.326,50172.0,265.0,0.011556
97,0.485,24,710,0,93,64,756.455,32.0,3052.5,265.0,0.011556
97,0.485,25,691,0,16,77,698.925,38.5,1062.0,265.0,0.011556
97,0.485,26,236,0,392,168,432.073,87.587,41195.5,265.0,0.011556
97,0.485,27,210,0,19,84,219.553,42.0,1170.0,265.0,0.011556
97,0.485,28,98,0,111,71,153.502,35.507,3902.5,265.0,0.011556
97,0.485,29,72,522,147,18,145.64,530.951,1774.5,265.0,0.011556
97,0.485,34,735,291,65,10,770.449,296.296,338.5,265.0,0.011556
97,0.485,37,341,230,9,15,345.689,238.625,57.5,265.0,0.011556
97,0.485,38,855,15,18,12,869.182,18.612,50.5,265.0,0.011556
97,0.485,42,675,0,6,54,677.891,25.982,150.5,265.0,0.011556
97,0.485,44,480,0,480,313,720.218,166.787,54922.5,265.0,0.011556
97,0.485,52,788,48,26,15,797.012,57.15,91.5,265.0,0.011556
97,0.485,62,0,434,43,45,24.284,453.59,1081.0,265.0,0.011556
97,0.485,74,884,212,18,15,893.489,219.128,93.5,265.0,0.011556
97,0.485,99,157,320,38,10,179.655,324.365,198.5,265.0,0.011556
97,0.485,118,882,0,23,13,869.956,18.744,82.5,265.0,0.011556
97,0.485,122,482,243,43,6,502.076,245.976,125.0,265.0,0.011556
97,0.485,123,252,361,17,32,260.071,373.141,263.5,265.0,0.011556
97,0.485,124,264,360,24,19,275.142,367.356,233.0,265.0,0.011556
97,0.485,125,31,257,20,5,34.182,258.136,61.0,265.0,0.011556
97,0.485,126,61,484,20,11,70.045,489.5,148.0,265.0,0.011556
97,0.485,127,314,350,9,10,318.5,355.0,53.0,265.0,0.011556
97,0.485,128,251,341,16,16,259.0,349.0,160.0,265.0,0.011556
97,0.485,129,756,63,29,17,768.955,72.272,87.0,265.0,0.011556
98,0.49,1,0,430,257,110,119.83,475.555,18899.0,265.0,0.010751
98,0.49,2,451,373,500,167,700.99,456.472,54507.0,265.0,0.010751
98,0.49,3,484,368,13,20,490.491,378.042,209.5,265.0,0.010751
98,0.49,4,672,359,33,4,698.447,350.08,82.0,265.0,0.010751
98,0.49,5,0,341,208,59,104.081,370.478,10927.0,265.0,0.010751
98,0.49,6,250,339,146,55,310.343,366.187,5559.0,265.0,0.010751
98,0.49,8,722,304,238,81,827.507,344.402,11946.0,265.0,0.010751
98,0.49,9,908,302,17,18,916.655,310.963,186.0,265.0,0.010751
98,0.49,10,0,187,231,50,126.364,211.466,2065.0,265.0,0.010751
98,0.49,11,484,242,96,6,555.138,234.698,285.5,265.0,0.010751
98,0.49,12,873,237,60,57,903.399,264.935,2444.0,265.0,0.010751
98,0.49,13,233,223,96,11,273.866,228.527,542.5,265.0,0.010751
98,0.49,14,0,244,333,22,182.315,255.251,3578.5,265.0,0.010751
98,0.49,16,61,141,121,40,121.643,161.215,4504.5,265.0,0.010751
98,0.49,17,637,158,10,29,642.393,172.518,176.0,265.0,0.010751
98,0.49,18,44,99,144,37,115.985,117.5,3490.5,265.0,0.010751
98,0.49,19,293,139,39,37,312.692,157.5,1325.0,265.0,0.010751
98,0.49,20,412,134,119,42,471.198,154.776,3854.0,265.0,0.010751
98,0.49,22,0,30,122,107,60.671,83.5,6305.0,265.0,0.010751
98,0.49,23,603,0,357,287,780.85,143.327,50172.0,265.0,0.010751
98,0.49,24,710,0,93,64,756.468,32.0,3003.5,265.0,0.010751
98,0.49,25,691,0,15,77,698.819,38.5,969.0,265.0,0.010751
98,0.49,26,236,0,392,183,432.047,88.573,41328.0,265.0,0.010751
98,0.49,27,210,0,19,84,219.539,42.0,1167.0,265.0,0.010751
98,0.49,28,98,0,111,71,153.507,35.51,3893.0,265.0,0.010751
98,0.49,29,72,522,147,18,145.807,530.947,1774.5,265.0,0.010751
98,0.49,34,735,291,65,10,770.43,296.253,338.5,265.0,0.010751
98,0.49,37,340,230,10,15,345.347,238.046,59.0,265.0,0.010751
98,0.49,38,855,15,18,12,868.984,18.77,50.5,265.0,0.010751
98,0.49,42,675,0,6,54,677.889,26.729,150.5,265.0,0.010751
98,0.49,44,481,0,479,386,720.325,177.258,68535.0,265.0,0.010751
98,0.49,52,788,48,26,15,798.394,56.441,91.5,265.0,0.010751
98,0.49,62,0,434,43,45,24.516,453.883,1081.0,265.0,0.010751
98,0.49,74,884,213,18,8,893.202,218.069,74.0,265.0,0.010751
98,0.49,99,175,320,18,6,181.455,323.82,57.0,265.0,0.010751
98,0.49,118,882,0,23,13,875.761,15.779,82.5,265.0,0.010751
98,0.49,122,482,243,43,6,502.802,245.929,125.0,265.0,0.010751
98,0.49,123,252,361,17,32,259.843,371.083,263.5,265.0,0.010751
98,0.49,124,264,360,24,19,274.685,366.213,233.0,265.0,0.010751
98,0.49,125,31,257,20,5,32.364,257.773,61.0,265.0,0.010751
98,0.49,126,61,484,20,11,69.5,489.5,148.0,265.0,0.010751
98,0.49,127,314,350,9,10,318.5,355.0,53.0,265.0,0.010751
98,0.49,128,251,341,16,16,259.0,349.0,160.0,265.0,0.010751
98,0.49,129,756,63,29,17,775.137,69.182,87.0,265.0,0.010751
99,0.495,1,0,431,187,63,113.183,472.317,6179.5,277.0,0.011333
99,0.495,2,451,374,500,166,700.989,456.561,53099.0,277.0,0.011333
99,0.495,3,485,369,11,19,490.491,378.157,147.5,277.0,0.011333
99,0.495,4,708,325,18,9,703.103,345.093,65.5,277.0,0.011333
99,0.495,5,0,342,208,56,104.065,370.356,10628.0,277.0,0.011333
99,0.495,6,277,340,50,50,308.348,365.855,1159.0,277.0,0.011333
99,0.495,8,683,304,277,81,826.013,344.42,12579.0,277.0,0.011333
99,0.495,9,909,302,15,17,916.611,310.85,161.0,277.0,0.011333
99,0.495,10,12,188,218,46,126.201,210.935,1601.0,277.0,0.011333
99,0.495,11,538,219,47,5,556.9,231.363,156.0,277.0,0.011333
99,0.495,12,874,237,59,55,903.409,264.833,2358.0,277.0,0.011333
99,0.495,13,241,224,52,9,271.75,228.509,257.5,277.0,0.011333
99,0.495,14,77,245,255,20,188.747,255.232,2150.0,277.0,0.011333
99,0.495,16,62,142,120,39,121.731,161.285,4396.0,277.0,0.011333
99,0.495,17,639,163,7,23,642.423,173.001,91.5,277.0,0.011333
99,0.495,18,44,99,144,37,115.986,117.5,3434.5,277.0,0.011333
99,0.495,19,294,139,38,37,312.771,157.5,1264.5,277.0,0.011333
99,0.495,20,412,134,118,41,471.155,154.714,3790.0,277.0,0.011333
99,0.495,22,0,30,121,107,60.622,83.5,6256.5,277.0,0.011333
99,0.495,23,602,0,358,288,780.9,143.595,50307.0,277.0,0.011333
99,0.495,24,710,0,93,64,756.478,32.0,3058.5,277.0,0.011333
99,0.495,25,691,0,16,77,698.859,38.5,1039.0,277.0,0.011333
99,0.495,26,236,0,392,170,432.026,87.715,41175.5,277.0,0.011333
99,0.495,27,210,0,19,84,219.527,42.0,1149.5,277.0,0.011333
99,0.495,28,98,0,111,71,153.51,35.512,3900.0,277.0,0.011333
99,0.495,29,71,523,149,17,145.786,531.165,1769.0,277.0,0.011333
99,0.495,34,734,292,62,9,768.258,296.326,343.5,277.0,0.011333
99,0.495,37,340,230,10,15,345.274,237.89,59.0,277.0,0.011333
99,0.495,38,820,32,24,13,854.031,26.778,86.0,277.0,0.011333
99,0.495,42,674,0,7,58,677.734,28.082,180.0,277.0,0.011333
99,0.495,44,481,0,479,386,720.332,178.604,68535.0,277.0,0.011333
99,0.495,52,754,45,63,36,794.089,58.627,236.5,277.0,0.011333
99,0.495,62,63,482,14,11,49.183,472.169,54.0,277.0,0.011333
99,0.495,74,884,213,18,8,893.111,218.051,74.0,277.0,0.011333
99,0.495,99,175,320,18,6,181.777,323.751,57.0,277.0,0.011333
99,0.495,118,882,0,23,13,881.566,12.814,82.5,277.0,0.011333
99,0.495,122,482,243,43,6,503.527,245.882,125.0,277.0,0.011333
99,0.495,123,251,341,38,52,268.438,367.304,864.0,277.0,0.011333
99,0.495,124,264,360,24,19,274.228,365.069,233.0,277.0,0.011333
99,0.495,126,61,484,20,11,68.955,489.5,148.0,277.0,0.011333
99,0.495,127,314,350,9,10,318.5,355.0,53.0,277.0,0.011333
99,0.495,128,251,341,16,16,259.0,349.0,160.0,277.0,0.011333
99,0.495,129,756,63,29,17,781.318,66.091,87.0,277.0,0.011333
99,0.495,130,191,441,15,9,198.5,445.5,68.5,277.0,0.011333
